LOG_INTERVAL_USEC,5000
rec#,adc0,adc1,adc2,adc3
0,3643,0,831,0
1,3622,0,2009,0
2,3625,0,2270,0
3,3622,0,2322,0
4,3622,0,2334,0
5,3620,0,2336,0
6,3617,0,2336,0
7,3617,0,2338,0
8,3621,0,2337,0
9,3618,0,2341,0
10,3620,0,2340,0
11,3622,0,2337,0
12,3623,0,2337,0
13,3619,0,2334,0
14,3621,0,2335,0
15,3617,0,2321,0
16,3618,0,2336,0
17,3617,0,2336,0
18,3618,0,2333,0
19,3619,0,2332,0
20,3619,0,2333,0
21,3619,0,2333,0
22,3615,0,2333,0
23,3621,0,2333,0
24,3622,0,2336,0
25,3621,0,2335,0
26,3621,0,2336,0
27,3616,0,2337,0
28,3619,0,2335,0
29,3622,0,2334,0
30,3622,0,2333,0
31,3619,0,2329,0
32,3621,0,2327,0
33,3619,0,2325,0
34,3622,0,2325,0
35,3620,0,2319,0
36,3621,0,2323,0
37,3619,0,2333,0
38,3619,0,2336,0
39,3617,0,2337,0
40,3619,0,2338,0
41,3622,0,2343,0
42,3621,0,2344,0
43,3618,0,2349,0
44,3619,0,2351,0
45,3623,0,2352,0
46,3619,0,2352,0
47,3617,0,2352,0
48,3618,0,2351,0
49,3620,0,2347,0
50,3619,0,2348,0
51,3622,0,2343,0
52,3621,0,2341,0
53,3618,0,2339,0
54,3617,0,2343,0
55,3616,0,2331,0
56,3619,0,2338,0
57,3618,0,2340,0
58,3618,0,2338,0
59,3621,0,2337,0
60,3617,0,2338,0
61,3620,0,2337,0
62,3619,0,2339,0
63,3619,0,2339,0
64,3622,0,2345,0
65,3618,0,2342,0
66,3619,0,2342,0
67,3619,0,2343,0
68,3617,0,2341,0
69,3617,0,2339,0
70,3617,0,2337,0
71,3616,0,2335,0
72,3619,0,2332,0
73,3618,0,2331,0
74,3620,0,2327,0
75,3618,0,2320,0
76,3623,0,2326,0
77,3619,0,2332,0
78,3618,0,2334,0
79,3617,0,2337,0
80,3615,0,2335,0
81,3618,0,2335,0
82,3617,0,2335,0
83,3621,0,2335,0
84,3622,0,2336,0
85,3622,0,2339,0
86,3621,0,2341,0
87,3622,0,2337,0
88,3625,0,2337,0
89,3618,0,2333,0
90,3615,0,2333,0
91,3620,0,2331,0
92,3614,0,2327,0
93,3619,0,2327,0
94,3617,0,2308,0
95,3623,0,2324,0
96,3617,0,2327,0
97,3618,0,2332,0
98,3617,0,2335,0
99,3615,0,2338,0
100,3618,0,2343,0
101,3619,0,2347,0
102,3617,0,2350,0
103,3621,0,2349,0
104,3618,0,2349,0
105,3618,0,2349,0
106,3626,0,2349,0
107,3620,0,2347,0
108,3619,0,2341,0
109,3621,0,2335,0
110,3618,0,2330,0
111,3619,0,2327,0
112,3622,0,2327,0
113,3623,0,2327,0
114,3622,0,2310,0
115,3617,0,2326,0
116,3619,0,2326,0
117,3618,0,2334,0
118,3621,0,2335,0
119,3621,0,2336,0
120,3618,0,2336,0
121,3622,0,2335,0
122,3617,0,2335,0
123,3618,0,2335,0
124,3616,0,2335,0
125,3618,0,2337,0
126,3622,0,2337,0
127,3616,0,2335,0
128,3621,0,2334,0
129,3623,0,2334,0
130,3619,0,2332,0
131,3623,0,2334,0
132,3620,0,2336,0
133,3622,0,2341,0
134,3623,0,2320,0
135,3622,0,2333,0
136,3618,0,2336,0
137,3617,0,2330,0
138,3615,0,2333,0
139,3621,0,2334,0
140,3620,0,2337,0
141,3620,0,2337,0
142,3618,0,2339,0
143,3617,0,2340,0
144,3621,0,2337,0
145,3622,0,2336,0
146,3620,0,2333,0
147,3619,0,2331,0
148,3618,0,2331,0
149,3620,0,2329,0
150,3619,0,2327,0
151,3619,0,2326,0
152,3615,0,2324,0
153,3620,0,2325,0
154,3621,0,2311,0
155,3622,0,2326,0
156,3622,0,2330,0
157,3621,0,2332,0
158,3617,0,2333,0
159,3621,0,2336,0
160,3622,0,2339,0
161,3622,0,2342,0
162,3619,0,2341,0
163,3618,0,2339,0
164,3623,0,2339,0
165,3623,0,2331,0
166,3619,0,2329,0
167,3621,0,2326,0
168,3619,0,2331,0
169,3616,0,2331,0
170,3623,0,2337,0
171,3620,0,2339,0
172,3619,0,2339,0
173,3621,0,2336,0
174,3616,0,2321,0
175,3619,0,2329,0
176,3619,0,2331,0
177,3618,0,2331,0
178,3617,0,2331,0
179,3617,0,2333,0
180,3615,0,2330,0
181,3619,0,2332,0
182,3621,0,2330,0
183,3622,0,2331,0
184,3618,0,2336,0
185,3619,0,2339,0
186,3615,0,2340,0
187,3623,0,2339,0
188,3621,0,2341,0
189,3619,0,2343,0
190,3621,0,2347,0
191,3621,0,2345,0
192,3618,0,2350,0
193,3621,0,2352,0
194,3621,0,2346,0
195,3617,0,2351,0
196,3621,0,2351,0
197,3618,0,2349,0
198,3622,0,2347,0
199,3617,0,2343,0
200,3618,0,2341,0
201,3621,0,2338,0
202,3620,0,2337,0
203,3622,0,2333,0
204,3622,0,2330,0
205,3617,0,2329,0
206,3619,0,2327,0
207,3619,0,2333,0
208,3618,0,2335,0
209,3621,0,2336,0
210,3621,0,2340,0
211,3619,0,2342,0
212,3618,0,2342,0
213,3619,0,2346,0
214,3621,0,2338,0
215,3621,0,2345,0
216,3619,0,2349,0
217,3619,0,2352,0
218,3619,0,2351,0
219,3616,0,2352,0
220,3616,0,2350,0
221,3615,0,2352,0
222,3619,0,2352,0
223,3618,0,2353,0
224,3619,0,2355,0
225,3616,0,2355,0
226,3618,0,2352,0
227,3621,0,2349,0
228,3619,0,2340,0
229,3618,0,2340,0
230,3615,0,2337,0
231,3617,0,2330,0
232,3618,0,2331,0
233,3617,0,2309,0
234,3615,0,2330,0
235,3619,0,2339,0
236,3618,0,2348,0
237,3618,0,2352,0
238,3617,0,2352,0
239,3615,0,2352,0
240,3622,0,2350,0
241,3618,0,2349,0
242,3617,0,2351,0
243,3618,0,2350,0
244,3617,0,2350,0
245,3620,0,2351,0
246,3615,0,2347,0
247,3618,0,2343,0
248,3617,0,2338,0
249,3619,0,2335,0
250,3621,0,2330,0
251,3621,0,2329,0
252,3619,0,2322,0
253,3617,0,2303,0
254,3619,0,2311,0
255,3621,0,2313,0
256,3621,0,2313,0
257,3617,0,2318,0
258,3618,0,2320,0
259,3618,0,2323,0
260,3619,0,2322,0
261,3619,0,2319,0
262,3619,0,2317,0
263,3619,0,2309,0
264,3617,0,2309,0
265,3616,0,2305,0
266,3617,0,2302,0
267,3618,0,2294,0
268,3619,0,2288,0
269,3615,0,2288,0
270,3618,0,2288,0
271,3618,0,2288,0
272,3618,0,2287,0
273,3618,0,2277,0
274,3618,0,2295,0
275,3618,0,2303,0
276,3618,0,2304,0
277,3619,0,2306,0
278,3616,0,2308,0
279,3617,0,2313,0
280,3618,0,2315,0
281,3619,0,2313,0
282,3617,0,2317,0
283,3616,0,2319,0
284,3619,0,2318,0
285,3617,0,2320,0
286,3618,0,2319,0
287,3621,0,2318,0
288,3616,0,2316,0
289,3615,0,2310,0
290,3621,0,2310,0
291,3618,0,2309,0
292,3618,0,2307,0
293,3619,0,2294,0
294,3618,0,2305,0
295,3619,0,2318,0
296,3619,0,2320,0
297,3616,0,2331,0
298,3619,0,2344,0
299,3619,0,2352,0
300,3616,0,2352,0
301,3617,0,2346,0
302,3619,0,2342,0
303,3621,0,2343,0
304,3619,0,2347,0
305,3622,0,2351,0
306,3617,0,2352,0
307,3617,0,2351,0
308,3621,0,2350,0
309,3622,0,2343,0
310,3615,0,2342,0
311,3615,0,2346,0
312,3616,0,2344,0
313,3615,0,2334,0
314,3622,0,2352,0
315,3619,0,2357,0
316,3622,0,2363,0
317,3618,0,2366,0
318,3619,0,2365,0
319,3617,0,2362,0
320,3619,0,2358,0
321,3621,0,2359,0
322,3616,0,2365,0
323,3619,0,2370,0
324,3615,0,2383,0
325,3620,0,2393,0
326,3621,0,2399,0
327,3621,0,2404,0
328,3618,0,2401,0
329,3619,0,2399,0
330,3619,0,2391,0
331,3620,0,2391,0
332,3615,0,2394,0
333,3616,0,2384,0
334,3619,0,2391,0
335,3617,0,2387,0
336,3617,0,2385,0
337,3622,0,2384,0
338,3615,0,2386,0
339,3619,0,2385,0
340,3619,0,2387,0
341,3622,0,2387,0
342,3617,0,2389,0
343,3617,0,2394,0
344,3618,0,2387,0
345,3621,0,2384,0
346,3619,0,2381,0
347,3616,0,2379,0
348,3617,0,2382,0
349,3618,0,2384,0
350,3617,0,2390,0
351,3618,0,2397,0
352,3618,0,2400,0
353,3617,0,2385,0
354,3617,0,2384,0
355,3619,0,2383,0
356,3614,0,2379,0
357,3620,0,2371,0
358,3617,0,2368,0
359,3617,0,2368,0
360,3619,0,2365,0
361,3615,0,2355,0
362,3617,0,2346,0
363,3615,0,2335,0
364,3618,0,2334,0
365,3619,0,2331,0
366,3617,0,2333,0
367,3617,0,2336,0
368,3618,0,2336,0
369,3619,0,2337,0
370,3616,0,2338,0
371,3618,0,2338,0
372,3615,0,2315,0
373,3616,0,2337,0
374,3618,0,2343,0
375,3618,0,2343,0
376,3618,0,2342,0
377,3619,0,2345,0
378,3615,0,2350,0
379,3619,0,2352,0
380,3617,0,2352,0
381,3620,0,2351,0
382,3618,0,2349,0
383,3615,0,2347,0
384,3617,0,2351,0
385,3617,0,2352,0
386,3621,0,2352,0
387,3617,0,2352,0
388,3617,0,2349,0
389,3618,0,2343,0
390,3618,0,2340,0
391,3617,0,2333,0
392,3618,0,2304,0
393,3619,0,2310,0
394,3617,0,2303,0
395,3621,0,2294,0
396,3620,0,2288,0
397,3619,0,2288,0
398,3618,0,2286,0
399,3617,0,2283,0
400,3615,0,2275,0
401,3619,0,2271,0
402,3618,0,2266,0
403,3615,0,2263,0
404,3617,0,2259,0
405,3618,0,2257,0
406,3617,0,2262,0
407,3619,0,2259,0
408,3619,0,2265,0
409,3619,0,2265,0
410,3618,0,2266,0
411,3618,0,2265,0
412,3616,0,2249,0
413,3618,0,2263,0
414,3619,0,2270,0
415,3614,0,2271,0
416,3617,0,2271,0
417,3615,0,2274,0
418,3615,0,2277,0
419,3618,0,2278,0
420,3616,0,2278,0
421,3619,0,2279,0
422,3617,0,2273,0
423,3616,0,2273,0
424,3615,0,2273,0
425,3617,0,2279,0
426,3622,0,2287,0
427,3615,0,2300,0
428,3615,0,2304,0
429,3620,0,2308,0
430,3621,0,2311,0
431,3618,0,2315,0
432,3619,0,2301,0
433,3619,0,2318,0
434,3617,0,2323,0
435,3619,0,2330,0
436,3618,0,2337,0
437,3619,0,2336,0
438,3615,0,2337,0
439,3620,0,2333,0
440,3616,0,2323,0
441,3618,0,2334,0
442,3615,0,2335,0
443,3616,0,2340,0
444,3616,0,2347,0
445,3618,0,2351,0
446,3615,0,2354,0
447,3617,0,2353,0
448,3616,0,2352,0
449,3618,0,2352,0
450,3618,0,2359,0
451,3619,0,2367,0
452,3617,0,2359,0
453,3617,0,2377,0
454,3618,0,2382,0
455,3616,0,2384,0
456,3617,0,2384,0
457,3621,0,2382,0
458,3617,0,2375,0
459,3621,0,2370,0
460,3619,0,2366,0
461,3618,0,2366,0
462,3619,0,2367,0
463,3627,0,2368,0
464,3616,0,2370,0
465,3621,0,2376,0
466,3617,0,2384,0
467,3618,0,2387,0
468,3621,0,2390,0
469,3622,0,2394,0
470,3617,0,2397,0
471,3623,0,2395,0
472,3619,0,2381,0
473,3616,0,2388,0
474,3618,0,2390,0
475,3618,0,2387,0
476,3617,0,2391,0
477,3622,0,2387,0
478,3617,0,2386,0
479,3625,0,2387,0
480,3616,0,2386,0
481,3619,0,2389,0
482,3618,0,2390,0
483,3618,0,2387,0
484,3617,0,2384,0
485,3616,0,2379,0
486,3618,0,2373,0
487,3615,0,2371,0
488,3618,0,2369,0
489,3617,0,2366,0
490,3618,0,2359,0
491,3621,0,2355,0
492,3619,0,2342,0
493,3618,0,2345,0
494,3618,0,2339,0
495,3618,0,2327,0
496,3619,0,2320,0
497,3620,0,2310,0
498,3619,0,2303,0
499,3617,0,2295,0
500,3620,0,2288,0
501,3619,0,2281,0
502,3617,0,2269,0
503,3620,0,2266,0
504,3616,0,2265,0
505,3616,0,2272,0
506,3615,0,2283,0
507,3613,0,2290,0
508,3615,0,2299,0
509,3618,0,2307,0
510,3619,0,2313,0
511,3617,0,2320,0
512,3615,0,2303,0
513,3615,0,2302,0
514,3615,0,2298,0
515,3616,0,2295,0
516,3617,0,2289,0
517,3622,0,2288,0
518,3614,0,2289,0
519,3617,0,2287,0
520,3616,0,2278,0
521,3619,0,2265,0
522,3616,0,2256,0
523,3618,0,2248,0
524,3619,0,2252,0
525,3615,0,2256,0
526,3617,0,2257,0
527,3616,0,2256,0
528,3613,0,2255,0
529,3617,0,2253,0
530,3618,0,2255,0
531,3616,0,2240,0
532,3618,0,2261,0
533,3616,0,2273,0
534,3614,0,2285,0
535,3619,0,2288,0
536,3619,0,2294,0
537,3617,0,2299,0
538,3615,0,2304,0
539,3616,0,2307,0
540,3617,0,2310,0
541,3617,0,2309,0
542,3616,0,2305,0
543,3619,0,2299,0
544,3618,0,2297,0
545,3615,0,2299,0
546,3616,0,2306,0
547,3617,0,2314,0
548,3619,0,2320,0
549,3614,0,2317,0
550,3615,0,2316,0
551,3616,0,2289,0
552,3617,0,2303,0
553,3620,0,2304,0
554,3617,0,2309,0
555,3618,0,2318,0
556,3614,0,2324,0
557,3615,0,2338,0
558,3618,0,2345,0
559,3619,0,2348,0
560,3617,0,2349,0
561,3615,0,2348,0
562,3620,0,2345,0
563,3617,0,2343,0
564,3617,0,2352,0
565,3617,0,2358,0
566,3615,0,2368,0
567,3621,0,2368,0
568,3618,0,2368,0
569,3617,0,2362,0
570,3616,0,2358,0
571,3618,0,2339,0
572,3615,0,2352,0
573,3619,0,2352,0
574,3616,0,2361,0
575,3619,0,2367,0
576,3619,0,2372,0
577,3621,0,2379,0
578,3617,0,2384,0
579,3621,0,2389,0
580,3621,0,2390,0
581,3616,0,2400,0
582,3617,0,2413,0
583,3618,0,2422,0
584,3617,0,2433,0
585,3619,0,2432,0
586,3619,0,2423,0
587,3621,0,2417,0
588,3620,0,2418,0
589,3622,0,2416,0
590,3620,0,2416,0
591,3615,0,2395,0
592,3618,0,2398,0
593,3621,0,2397,0
594,3622,0,2399,0
595,3618,0,2395,0
596,3619,0,2391,0
597,3618,0,2395,0
598,3618,0,2397,0
599,3622,0,2395,0
600,3623,0,2386,0
601,3621,0,2375,0
602,3618,0,2368,0
603,3619,0,2358,0
604,3619,0,2358,0
605,3617,0,2355,0
606,3621,0,2355,0
607,3618,0,2351,0
608,3617,0,2346,0
609,3617,0,2342,0
610,3620,0,2341,0
611,3622,0,2332,0
612,3616,0,2342,0
613,3616,0,2345,0
614,3617,0,2346,0
615,3616,0,2351,0
616,3618,0,2352,0
617,3615,0,2352,0
618,3619,0,2349,0
619,3619,0,2349,0
620,3617,0,2345,0
621,3618,0,2348,0
622,3613,0,2346,0
623,3614,0,2353,0
624,3615,0,2358,0
625,3616,0,2367,0
626,3617,0,2368,0
627,3620,0,2364,0
628,3618,0,2357,0
629,3616,0,2351,0
630,3615,0,2341,0
631,3618,0,2326,0
632,3618,0,2327,0
633,3619,0,2321,0
634,3615,0,2319,0
635,3614,0,2310,0
636,3619,0,2304,0
637,3614,0,2299,0
638,3622,0,2289,0
639,3618,0,2285,0
640,3616,0,2279,0
641,3620,0,2273,0
642,3616,0,2277,0
643,3618,0,2275,0
644,3614,0,2270,0
645,3617,0,2266,0
646,3618,0,2262,0
647,3615,0,2259,0
648,3619,0,2262,0
649,3620,0,2267,0
650,3617,0,2267,0
651,3615,0,2261,0
652,3617,0,2267,0
653,3617,0,2267,0
654,3619,0,2272,0
655,3619,0,2283,0
656,3617,0,2290,0
657,3615,0,2295,0
658,3617,0,2300,0
659,3617,0,2301,0
660,3617,0,2298,0
661,3617,0,2298,0
662,3619,0,2291,0
663,3621,0,2288,0
664,3619,0,2288,0
665,3618,0,2289,0
666,3619,0,2294,0
667,3616,0,2301,0
668,3621,0,2303,0
669,3617,0,2303,0
670,3618,0,2310,0
671,3616,0,2291,0
672,3616,0,2292,0
673,3619,0,2289,0
674,3617,0,2285,0
675,3619,0,2282,0
676,3616,0,2279,0
677,3620,0,2283,0
678,3616,0,2285,0
679,3619,0,2285,0
680,3616,0,2290,0
681,3618,0,2303,0
682,3619,0,2315,0
683,3619,0,2326,0
684,3615,0,2343,0
685,3617,0,2354,0
686,3620,0,2368,0
687,3617,0,2375,0
688,3618,0,2384,0
689,3619,0,2387,0
690,3617,0,2362,0
691,3619,0,2382,0
692,3617,0,2379,0
693,3619,0,2367,0
694,3618,0,2358,0
695,3616,0,2355,0
696,3613,0,2355,0
697,3621,0,2360,0
698,3623,0,2368,0
699,3618,0,2378,0
700,3621,0,2387,0
701,3616,0,2399,0
702,3619,0,2406,0
703,3621,0,2411,0
704,3621,0,2416,0
705,3615,0,2416,0
706,3617,0,2426,0
707,3619,0,2431,0
708,3617,0,2435,0
709,3619,0,2435,0
710,3618,0,2415,0
711,3617,0,2432,0
712,3617,0,2432,0
713,3618,0,2433,0
714,3621,0,2429,0
715,3615,0,2427,0
716,3618,0,2423,0
717,3616,0,2420,0
718,3625,0,2417,0
719,3615,0,2416,0
720,3619,0,2416,0
721,3615,0,2414,0
722,3617,0,2415,0
723,3620,0,2405,0
724,3617,0,2400,0
725,3621,0,2400,0
726,3618,0,2399,0
727,3619,0,2399,0
728,3622,0,2391,0
729,3619,0,2384,0
730,3619,0,2356,0
731,3621,0,2363,0
732,3616,0,2355,0
733,3615,0,2350,0
734,3616,0,2334,0
735,3619,0,2320,0
736,3617,0,2313,0
737,3618,0,2304,0
738,3616,0,2300,0
739,3618,0,2293,0
740,3615,0,2288,0
741,3617,0,2288,0
742,3617,0,2288,0
743,3616,0,2288,0
744,3617,0,2286,0
745,3618,0,2288,0
746,3618,0,2294,0
747,3615,0,2299,0
748,3617,0,2301,0
749,3618,0,2301,0
750,3618,0,2287,0
751,3618,0,2299,0
752,3616,0,2303,0
753,3615,0,2303,0
754,3615,0,2302,0
755,3615,0,2295,0
756,3615,0,2289,0
757,3615,0,2278,0
758,3614,0,2271,0
759,3617,0,2273,0
760,3617,0,2274,0
761,3616,0,2275,0
762,3620,0,2277,0
763,3617,0,2270,0
764,3617,0,2269,0
765,3617,0,2263,0
766,3616,0,2256,0
767,3615,0,2250,0
768,3615,0,2246,0
769,3616,0,2245,0
770,3616,0,2227,0
771,3619,0,2242,0
772,3615,0,2246,0
773,3617,0,2252,0
774,3615,0,2256,0
775,3617,0,2261,0
776,3617,0,2266,0
777,3617,0,2268,0
778,3618,0,2270,0
779,3614,0,2272,0
780,3618,0,2272,0
781,3617,0,2273,0
782,3619,0,2278,0
783,3614,0,2287,0
784,3617,0,2291,0
785,3617,0,2298,0
786,3617,0,2297,0
787,3619,0,2293,0
788,3617,0,2290,0
789,3615,0,2295,0
790,3616,0,2287,0
791,3615,0,2301,0
792,3617,0,2310,0
793,3615,0,2322,0
794,3617,0,2334,0
795,3617,0,2343,0
796,3617,0,2352,0
797,3619,0,2349,0
798,3615,0,2341,0
799,3619,0,2335,0
800,3617,0,2331,0
801,3615,0,2326,0
802,3617,0,2326,0
803,3620,0,2326,0
804,3619,0,2323,0
805,3613,0,2326,0
806,3617,0,2330,0
807,3617,0,2336,0
808,3616,0,2341,0
809,3621,0,2346,0
810,3614,0,2337,0
811,3613,0,2353,0
812,3617,0,2369,0
813,3616,0,2381,0
814,3615,0,2390,0
815,3618,0,2399,0
816,3612,0,2406,0
817,3616,0,2403,0
818,3619,0,2403,0
819,3621,0,2400,0
820,3617,0,2394,0
821,3617,0,2384,0
822,3617,0,2387,0
823,3618,0,2386,0
824,3619,0,2389,0
825,3621,0,2397,0
826,3621,0,2401,0
827,3617,0,2405,0
828,3618,0,2415,0
829,3617,0,2422,0
830,3615,0,2426,0
831,3618,0,2443,0
832,3616,0,2453,0
833,3621,0,2460,0
834,3615,0,2465,0
835,3619,0,2467,0
836,3617,0,2465,0
837,3618,0,2461,0
838,3622,0,2449,0
839,3617,0,2437,0
840,3618,0,2417,0
841,3619,0,2406,0
842,3619,0,2395,0
843,3616,0,2386,0
844,3617,0,2381,0
845,3617,0,2366,0
846,3616,0,2353,0
847,3617,0,2341,0
848,3616,0,2326,0
849,3617,0,2323,0
850,3614,0,2303,0
851,3615,0,2305,0
852,3614,0,2309,0
853,3619,0,2314,0
854,3615,0,2319,0
855,3614,0,2321,0
856,3621,0,2327,0
857,3617,0,2336,0
858,3615,0,2341,0
859,3618,0,2346,0
860,3623,0,2352,0
861,3617,0,2351,0
862,3622,0,2347,0
863,3617,0,2346,0
864,3619,0,2341,0
865,3622,0,2340,0
866,3616,0,2339,0
867,3617,0,2333,0
868,3617,0,2329,0
869,3621,0,2297,0
870,3616,0,2309,0
871,3615,0,2306,0
872,3617,0,2305,0
873,3618,0,2298,0
874,3619,0,2289,0
875,3617,0,2287,0
876,3618,0,2281,0
877,3617,0,2277,0
878,3616,0,2271,0
879,3615,0,2270,0
880,3617,0,2265,0
881,3614,0,2258,0
882,3615,0,2256,0
883,3615,0,2251,0
884,3617,0,2251,0
885,3620,0,2244,0
886,3616,0,2244,0
887,3620,0,2245,0
888,3617,0,2246,0
889,3617,0,2224,0
890,3615,0,2241,0
891,3613,0,2245,0
892,3615,0,2246,0
893,3619,0,2245,0
894,3614,0,2251,0
895,3620,0,2253,0
896,3615,0,2253,0
897,3613,0,2256,0
898,3618,0,2256,0
899,3614,0,2254,0
900,3617,0,2256,0
901,3618,0,2259,0
902,3615,0,2271,0
903,3619,0,2282,0
904,3618,0,2287,0
905,3619,0,2288,0
906,3619,0,2295,0
907,3616,0,2301,0
908,3619,0,2309,0
909,3618,0,2302,0
910,3617,0,2320,0
911,3617,0,2327,0
912,3613,0,2333,0
913,3616,0,2337,0
914,3618,0,2339,0
915,3621,0,2338,0
916,3617,0,2342,0
917,3618,0,2347,0
918,3616,0,2351,0
919,3618,0,2352,0
920,3619,0,2354,0
921,3620,0,2358,0
922,3616,0,2365,0
923,3615,0,2367,0
924,3623,0,2369,0
925,3618,0,2375,0
926,3619,0,2384,0
927,3618,0,2390,0
928,3616,0,2399,0
929,3614,0,2385,0
930,3615,0,2410,0
931,3615,0,2418,0
932,3617,0,2420,0
933,3621,0,2421,0
934,3620,0,2425,0
935,3617,0,2423,0
936,3616,0,2416,0
937,3616,0,2416,0
938,3621,0,2416,0
939,3618,0,2418,0
940,3616,0,2423,0
941,3622,0,2422,0
942,3618,0,2416,0
943,3615,0,2408,0
944,3617,0,2395,0
945,3614,0,2387,0
946,3620,0,2379,0
947,3617,0,2377,0
948,3617,0,2366,0
949,3617,0,2347,0
950,3615,0,2361,0
951,3615,0,2371,0
952,3615,0,2383,0
953,3616,0,2391,0
954,3614,0,2403,0
955,3615,0,2411,0
956,3621,0,2415,0
957,3617,0,2416,0
958,3616,0,2416,0
959,3619,0,2416,0
960,3619,0,2416,0
961,3618,0,2416,0
962,3613,0,2417,0
963,3618,0,2417,0
964,3618,0,2415,0
965,3619,0,2414,0
966,3622,0,2403,0
967,3616,0,2395,0
968,3618,0,2384,0
969,3617,0,2355,0
970,3615,0,2352,0
971,3616,0,2340,0
972,3618,0,2329,0
973,3617,0,2320,0
974,3617,0,2309,0
975,3616,0,2302,0
976,3620,0,2295,0
977,3614,0,2289,0
978,3617,0,2286,0
979,3615,0,2277,0
980,3616,0,2272,0
981,3619,0,2266,0
982,3619,0,2266,0
983,3617,0,2269,0
984,3621,0,2276,0
985,3621,0,2283,0
986,3614,0,2288,0
987,3618,0,2289,0
988,3616,0,2293,0
989,3615,0,2289,0
990,3615,0,2298,0
991,3616,0,2295,0
992,3616,0,2289,0
993,3613,0,2288,0
994,3614,0,2288,0
995,3613,0,2288,0
996,3615,0,2288,0
997,3618,0,2283,0
998,3616,0,2278,0
999,3615,0,2267,0
1000,3616,0,2256,0
1001,3619,0,2246,0
1002,3619,0,2243,0
1003,3616,0,2240,0
1004,3615,0,2245,0
1005,3615,0,2244,0
1006,3617,0,2243,0
1007,3617,0,2243,0
1008,3616,0,2257,0
1009,3614,0,2250,0
1010,3617,0,2263,0
1011,3613,0,2273,0
1012,3617,0,2283,0
1013,3615,0,2285,0
1014,3616,0,2287,0
1015,3613,0,2287,0
1016,3614,0,2288,0
1017,3616,0,2288,0
1018,3617,0,2288,0
1019,3616,0,2289,0
1020,3615,0,2289,0
1021,3615,0,2290,0
1022,3616,0,2288,0
1023,3611,0,2288,0
1024,3617,0,2288,0
1025,3617,0,2288,0
1026,3619,0,2290,0
1027,3618,0,2297,0
1028,3610,0,2291,0
1029,3618,0,2298,0
1030,3618,0,2307,0
1031,3615,0,2314,0
1032,3617,0,2320,0
1033,3617,0,2325,0
1034,3615,0,2325,0
1035,3618,0,2326,0
1036,3615,0,2323,0
1037,3615,0,2320,0
1038,3615,0,2321,0
1039,3618,0,2321,0
1040,3616,0,2326,0
1041,3620,0,2327,0
1042,3613,0,2330,0
1043,3615,0,2331,0
1044,3615,0,2336,0
1045,3615,0,2347,0
1046,3616,0,2356,0
1047,3616,0,2372,0
1048,3617,0,2355,0
1049,3616,0,2381,0
1050,3618,0,2389,0
1051,3618,0,2398,0
1052,3615,0,2399,0
1053,3617,0,2404,0
1054,3615,0,2411,0
1055,3621,0,2412,0
1056,3619,0,2410,0
1057,3616,0,2402,0
1058,3618,0,2395,0
1059,3617,0,2388,0
1060,3619,0,2383,0
1061,3616,0,2371,0
1062,3618,0,2368,0
1063,3618,0,2368,0
1064,3617,0,2369,0
1065,3618,0,2367,0
1066,3619,0,2362,0
1067,3616,0,2363,0
1068,3617,0,2352,0
1069,3618,0,2374,0
1070,3615,0,2384,0
1071,3616,0,2394,0
1072,3618,0,2393,0
1073,3616,0,2396,0
1074,3619,0,2401,0
1075,3617,0,2414,0
1076,3617,0,2423,0
1077,3617,0,2433,0
1078,3617,0,2447,0
1079,3619,0,2453,0
1080,3615,0,2459,0
1081,3619,0,2449,0
1082,3620,0,2438,0
1083,3620,0,2422,0
1084,3621,0,2406,0
1085,3618,0,2396,0
1086,3620,0,2383,0
1087,3618,0,2366,0
1088,3616,0,2339,0
1089,3617,0,2336,0
1090,3621,0,2326,0
1091,3615,0,2318,0
1092,3613,0,2309,0
1093,3619,0,2304,0
1094,3615,0,2302,0
1095,3617,0,2301,0
1096,3619,0,2304,0
1097,3616,0,2307,0
1098,3618,0,2317,0
1099,3617,0,2320,0
1100,3615,0,2321,0
1101,3618,0,2331,0
1102,3619,0,2339,0
1103,3617,0,2351,0
1104,3618,0,2350,0
1105,3618,0,2346,0
1106,3617,0,2338,0
1107,3617,0,2335,0
1108,3615,0,2320,0
1109,3617,0,2323,0
1110,3614,0,2322,0
1111,3617,0,2323,0
1112,3615,0,2320,0
1113,3619,0,2309,0
1114,3614,0,2298,0
1115,3617,0,2289,0
1116,3619,0,2273,0
1117,3621,0,2260,0
1118,3617,0,2247,0
1119,3616,0,2239,0
1120,3616,0,2234,0
1121,3616,0,2235,0
1122,3616,0,2240,0
1123,3615,0,2245,0
1124,3620,0,2248,0
1125,3616,0,2250,0
1126,3616,0,2250,0
1127,3621,0,2249,0
1128,3613,0,2237,0
1129,3616,0,2245,0
1130,3614,0,2251,0
1131,3614,0,2256,0
1132,3613,0,2263,0
1133,3619,0,2271,0
1134,3614,0,2273,0
1135,3615,0,2277,0
1136,3615,0,2281,0
1137,3621,0,2288,0
1138,3617,0,2290,0
1139,3616,0,2293,0
1140,3617,0,2290,0
1141,3616,0,2287,0
1142,3618,0,2281,0
1143,3612,0,2277,0
1144,3617,0,2274,0
1145,3615,0,2276,0
1146,3617,0,2282,0
1147,3618,0,2282,0
1148,3616,0,2275,0
1149,3617,0,2287,0
1150,3617,0,2290,0
1151,3615,0,2302,0
1152,3618,0,2315,0
1153,3616,0,2326,0
1154,3616,0,2339,0
1155,3615,0,2351,0
1156,3616,0,2352,0
1157,3618,0,2355,0
1158,3617,0,2352,0
1159,3615,0,2352,0
1160,3615,0,2352,0
1161,3618,0,2352,0
1162,3618,0,2352,0
1163,3618,0,2355,0
1164,3616,0,2357,0
1165,3618,0,2361,0
1166,3617,0,2358,0
1167,3622,0,2357,0
1168,3617,0,2349,0
1169,3617,0,2353,0
1170,3615,0,2363,0
1171,3617,0,2367,0
1172,3616,0,2373,0
1173,3615,0,2379,0
1174,3618,0,2384,0
1175,3617,0,2384,0
1176,3618,0,2386,0
1177,3619,0,2387,0
1178,3617,0,2391,0
1179,3617,0,2391,0
1180,3617,0,2386,0
1181,3619,0,2385,0
1182,3614,0,2389,0
1183,3619,0,2391,0
1184,3619,0,2400,0
1185,3623,0,2401,0
1186,3619,0,2402,0
1187,3618,0,2377,0
1188,3616,0,2387,0
1189,3621,0,2399,0
1190,3617,0,2403,0
1191,3621,0,2414,0
1192,3619,0,2419,0
1193,3625,0,2426,0
1194,3620,0,2427,0
1195,3615,0,2431,0
1196,3620,0,2431,0
1197,3617,0,2433,0
1198,3615,0,2433,0
1199,3619,0,2431,0
1200,3617,0,2433,0
1201,3619,0,2430,0
1202,3617,0,2428,0
1203,3617,0,2425,0
1204,3621,0,2421,0
1205,3618,0,2417,0
1206,3618,0,2412,0
1207,3617,0,2375,0
1208,3616,0,2381,0
1209,3615,0,2370,0
1210,3615,0,2355,0
1211,3617,0,2346,0
1212,3617,0,2325,0
1213,3616,0,2317,0
1214,3617,0,2307,0
1215,3618,0,2306,0
1216,3615,0,2310,0
1217,3617,0,2315,0
1218,3617,0,2319,0
1219,3617,0,2318,0
1220,3616,0,2314,0
1221,3616,0,2314,0
1222,3615,0,2315,0
1223,3617,0,2315,0
1224,3618,0,2316,0
1225,3616,0,2315,0
1226,3617,0,2314,0
1227,3615,0,2288,0
1228,3616,0,2301,0
1229,3615,0,2295,0
1230,3619,0,2291,0
1231,3617,0,2287,0
1232,3617,0,2281,0
1233,3616,0,2270,0
1234,3616,0,2261,0
1235,3616,0,2256,0
1236,3616,0,2252,0
1237,3615,0,2247,0
1238,3622,0,2243,0
1239,3614,0,2239,0
1240,3618,0,2238,0
1241,3619,0,2238,0
1242,3612,0,2241,0
1243,3619,0,2246,0
1244,3613,0,2256,0
1245,3615,0,2261,0
1246,3618,0,2267,0
1247,3615,0,2249,0
1248,3615,0,2257,0
1249,3617,0,2259,0
1250,3617,0,2256,0
1251,3617,0,2255,0
1252,3615,0,2249,0
1253,3616,0,2241,0
1254,3615,0,2238,0
1255,3614,0,2241,0
1256,3617,0,2250,0
1257,3617,0,2258,0
1258,3618,0,2271,0
1259,3618,0,2284,0
1260,3616,0,2288,0
1261,3620,0,2293,0
1262,3617,0,2299,0
1263,3617,0,2302,0
1264,3618,0,2304,0
1265,3615,0,2306,0
1266,3616,0,2312,0
1267,3617,0,2299,0
1268,3616,0,2315,0
1269,3613,0,2319,0
1270,3615,0,2324,0
1271,3622,0,2327,0
1272,3621,0,2325,0
1273,3617,0,2336,0
1274,3617,0,2328,0
1275,3619,0,2336,0
1276,3618,0,2343,0
1277,3614,0,2343,0
1278,3617,0,2345,0
1279,3617,0,2350,0
1280,3616,0,2352,0
1281,3615,0,2359,0
1282,3620,0,2368,0
1283,3617,0,2375,0
1284,3618,0,2382,0
1285,3618,0,2387,0
1286,3619,0,2391,0
1287,3615,0,2385,0
1288,3618,0,2406,0
1289,3617,0,2416,0
1290,3618,0,2419,0
1291,3617,0,2418,0
1292,3619,0,2416,0
1293,3615,0,2407,0
1294,3620,0,2395,0
1295,3617,0,2384,0
1296,3618,0,2381,0
1297,3618,0,2384,0
1298,3617,0,2390,0
1299,3619,0,2404,0
1300,3622,0,2410,0
1301,3617,0,2409,0
1302,3619,0,2410,0
1303,3617,0,2414,0
1304,3621,0,2421,0
1305,3618,0,2439,0
1306,3615,0,2461,0
1307,3622,0,2467,0
1308,3617,0,2490,0
1309,3615,0,2497,0
1310,3621,0,2497,0
1311,3617,0,2492,0
1312,3618,0,2481,0
1313,3621,0,2464,0
1314,3618,0,2446,0
1315,3617,0,2429,0
1316,3618,0,2411,0
1317,3618,0,2395,0
1318,3616,0,2382,0
1319,3617,0,2366,0
1320,3617,0,2351,0
1321,3617,0,2333,0
1322,3621,0,2320,0
1323,3618,0,2309,0
1324,3615,0,2304,0
1325,3622,0,2303,0
1326,3617,0,2299,0
1327,3619,0,2288,0
1328,3613,0,2291,0
1329,3617,0,2294,0
1330,3616,0,2297,0
1331,3615,0,2305,0
1332,3617,0,2311,0
1333,3617,0,2320,0
1334,3618,0,2330,0
1335,3617,0,2338,0
1336,3616,0,2343,0
1337,3619,0,2347,0
1338,3616,0,2347,0
1339,3615,0,2346,0
1340,3616,0,2346,0
1341,3619,0,2339,0
1342,3616,0,2337,0
1343,3616,0,2332,0
1344,3616,0,2325,0
1345,3617,0,2320,0
1346,3620,0,2288,0
1347,3617,0,2294,0
1348,3615,0,2288,0
1349,3616,0,2279,0
1350,3615,0,2272,0
1351,3617,0,2262,0
1352,3618,0,2259,0
1353,3618,0,2256,0
1354,3615,0,2251,0
1355,3617,0,2241,0
1356,3620,0,2238,0
1357,3619,0,2238,0
1358,3619,0,2235,0
1359,3617,0,2231,0
1360,3615,0,2227,0
1361,3619,0,2225,0
1362,3613,0,2229,0
1363,3615,0,2231,0
1364,3618,0,2234,0
1365,3617,0,2233,0
1366,3617,0,2209,0
1367,3615,0,2227,0
1368,3618,0,2235,0
1369,3618,0,2239,0
1370,3618,0,2242,0
1371,3614,0,2241,0
1372,3616,0,2245,0
1373,3613,0,2245,0
1374,3616,0,2246,0
1375,3616,0,2247,0
1376,3613,0,2253,0
1377,3616,0,2255,0
1378,3614,0,2258,0
1379,3616,0,2266,0
1380,3614,0,2271,0
1381,3618,0,2275,0
1382,3619,0,2278,0
1383,3619,0,2284,0
1384,3618,0,2288,0
1385,3616,0,2293,0
1386,3613,0,2284,0
1387,3618,0,2314,0
1388,3618,0,2333,0
1389,3617,0,2347,0
1390,3619,0,2360,0
1391,3618,0,2369,0
1392,3618,0,2377,0
1393,3610,0,2384,0
1394,3614,0,2384,0
1395,3617,0,2384,0
1396,3617,0,2384,0
1397,3616,0,2384,0
1398,3618,0,2384,0
1399,3615,0,2384,0
1400,3618,0,2385,0
1401,3617,0,2384,0
1402,3616,0,2384,0
1403,3619,0,2382,0
1404,3617,0,2383,0
1405,3619,0,2383,0
1406,3622,0,2367,0
1407,3616,0,2386,0
1408,3616,0,2398,0
1409,3615,0,2407,0
1410,3621,0,2415,0
1411,3619,0,2416,0
1412,3617,0,2415,0
1413,3616,0,2413,0
1414,3617,0,2409,0
1415,3616,0,2402,0
1416,3617,0,2407,0
1417,3617,0,2402,0
1418,3613,0,2401,0
1419,3616,0,2399,0
1420,3619,0,2397,0
1421,3614,0,2398,0
1422,3616,0,2396,0
1423,3619,0,2393,0
1424,3617,0,2393,0
1425,3615,0,2393,0
1426,3616,0,2384,0
1427,3616,0,2406,0
1428,3615,0,2416,0
1429,3617,0,2423,0
1430,3617,0,2428,0
1431,3619,0,2428,0
1432,3614,0,2427,0
1433,3619,0,2425,0
1434,3616,0,2427,0
1435,3615,0,2431,0
1436,3614,0,2430,0
1437,3617,0,2423,0
1438,3617,0,2414,0
1439,3616,0,2401,0
1440,3615,0,2385,0
1441,3613,0,2373,0
1442,3615,0,2365,0
1443,3615,0,2355,0
1444,3616,0,2343,0
1445,3615,0,2334,0
1446,3618,0,2308,0
1447,3617,0,2313,0
1448,3612,0,2313,0
1449,3618,0,2317,0
1450,3616,0,2315,0
1451,3614,0,2310,0
1452,3618,0,2307,0
1453,3614,0,2311,0
1454,3617,0,2315,0
1455,3616,0,2317,0
1456,3615,0,2317,0
1457,3617,0,2309,0
1458,3616,0,2304,0
1459,3614,0,2304,0
1460,3619,0,2302,0
1461,3616,0,2300,0
1462,3615,0,2298,0
1463,3615,0,2295,0
1464,3616,0,2291,0
1465,3614,0,2290,0
1466,3614,0,2274,0
1467,3616,0,2277,0
1468,3616,0,2271,0
1469,3611,0,2263,0
1470,3615,0,2256,0
1471,3613,0,2247,0
1472,3614,0,2241,0
1473,3618,0,2239,0
1474,3610,0,2237,0
1475,3615,0,2239,0
1476,3619,0,2242,0
1477,3617,0,2246,0
1478,3616,0,2250,0
1479,3615,0,2252,0
1480,3613,0,2255,0
1481,3617,0,2256,0
1482,3616,0,2257,0
1483,3614,0,2259,0
1484,3614,0,2262,0
1485,3616,0,2260,0
1486,3617,0,2246,0
1487,3615,0,2253,0
1488,3614,0,2245,0
1489,3613,0,2245,0
1490,3615,0,2247,0
1491,3615,0,2253,0
1492,3617,0,2257,0
1493,3611,0,2267,0
1494,3615,0,2275,0
1495,3618,0,2275,0
1496,3616,0,2279,0
1497,3618,0,2287,0
1498,3614,0,2289,0
1499,3617,0,2303,0
1500,3615,0,2307,0
1501,3614,0,2311,0
1502,3614,0,2311,0
1503,3614,0,2309,0
1504,3615,0,2309,0
1505,3616,0,2311,0
1506,3617,0,2304,0
1507,3613,0,2309,0
1508,3616,0,2314,0
1509,3613,0,2317,0
1510,3619,0,2315,0
1511,3617,0,2320,0
1512,3617,0,2317,0
1513,3615,0,2317,0
1514,3618,0,2315,0
1515,3617,0,2315,0
1516,3615,0,2316,0
1517,3613,0,2319,0
1518,3614,0,2327,0
1519,3615,0,2346,0
1520,3616,0,2354,0
1521,3617,0,2375,0
1522,3617,0,2393,0
1523,3618,0,2415,0
1524,3617,0,2419,0
1525,3617,0,2438,0
1526,3618,0,2421,0
1527,3617,0,2419,0
1528,3617,0,2421,0
1529,3617,0,2413,0
1530,3617,0,2395,0
1531,3616,0,2385,0
1532,3615,0,2387,0
1533,3617,0,2390,0
1534,3617,0,2390,0
1535,3617,0,2385,0
1536,3617,0,2385,0
1537,3622,0,2393,0
1538,3618,0,2399,0
1539,3614,0,2397,0
1540,3616,0,2405,0
1541,3619,0,2416,0
1542,3616,0,2432,0
1543,3616,0,2449,0
1544,3618,0,2470,0
1545,3616,0,2458,0
1546,3617,0,2487,0
1547,3617,0,2499,0
1548,3621,0,2503,0
1549,3616,0,2496,0
1550,3622,0,2479,0
1551,3618,0,2453,0
1552,3618,0,2432,0
1553,3617,0,2413,0
1554,3618,0,2386,0
1555,3615,0,2367,0
1556,3618,0,2352,0
1557,3617,0,2337,0
1558,3614,0,2326,0
1559,3615,0,2318,0
1560,3617,0,2306,0
1561,3617,0,2303,0
1562,3613,0,2295,0
1563,3617,0,2297,0
1564,3616,0,2298,0
1565,3616,0,2278,0
1566,3619,0,2302,0
1567,3617,0,2317,0
1568,3618,0,2321,0
1569,3615,0,2327,0
1570,3614,0,2338,0
1571,3616,0,2351,0
1572,3619,0,2366,0
1573,3617,0,2379,0
1574,3615,0,2384,0
1575,3617,0,2387,0
1576,3619,0,2385,0
1577,3613,0,2384,0
1578,3615,0,2382,0
1579,3618,0,2375,0
1580,3618,0,2373,0
1581,3615,0,2367,0
1582,3618,0,2356,0
1583,3616,0,2343,0
1584,3615,0,2325,0
1585,3614,0,2288,0
1586,3617,0,2287,0
1587,3618,0,2270,0
1588,3616,0,2259,0
1589,3618,0,2255,0
1590,3614,0,2251,0
1591,3617,0,2245,0
1592,3617,0,2240,0
1593,3614,0,2234,0
1594,3616,0,2234,0
1595,3615,0,2226,0
1596,3615,0,2226,0
1597,3616,0,2225,0
1598,3615,0,2227,0
1599,3615,0,2226,0
1600,3616,0,2228,0
1601,3613,0,2228,0
1602,3612,0,2230,0
1603,3614,0,2235,0
1604,3617,0,2239,0
1605,3615,0,2222,0
1606,3615,0,2229,0
1607,3616,0,2231,0
1608,3613,0,2233,0
1609,3618,0,2237,0
1610,3618,0,2240,0
1611,3617,0,2243,0
1612,3615,0,2247,0
1613,3619,0,2252,0
1614,3614,0,2256,0
1615,3614,0,2256,0
1616,3616,0,2258,0
1617,3617,0,2267,0
1618,3616,0,2271,0
1619,3617,0,2277,0
1620,3618,0,2278,0
1621,3613,0,2277,0
1622,3616,0,2279,0
1623,3619,0,2279,0
1624,3621,0,2285,0
1625,3616,0,2279,0
1626,3618,0,2294,0
1627,3618,0,2310,0
1628,3613,0,2320,0
1629,3615,0,2327,0
1630,3617,0,2338,0
1631,3617,0,2346,0
1632,3617,0,2352,0
1633,3622,0,2352,0
1634,3618,0,2358,0
1635,3614,0,2363,0
1636,3617,0,2367,0
1637,3617,0,2370,0
1638,3614,0,2375,0
1639,3616,0,2383,0
1640,3617,0,2384,0
1641,3615,0,2385,0
1642,3618,0,2386,0
1643,3615,0,2389,0
1644,3617,0,2398,0
1645,3618,0,2394,0
1646,3618,0,2411,0
1647,3619,0,2416,0
1648,3618,0,2417,0
1649,3614,0,2416,0
1650,3617,0,2416,0
1651,3617,0,2416,0
1652,3613,0,2416,0
1653,3614,0,2415,0
1654,3617,0,2411,0
1655,3615,0,2405,0
1656,3613,0,2399,0
1657,3615,0,2403,0
1658,3616,0,2401,0
1659,3617,0,2410,0
1660,3617,0,2418,0
1661,3617,0,2427,0
1662,3617,0,2431,0
1663,3615,0,2434,0
1664,3616,0,2438,0
1665,3617,0,2430,0
1666,3615,0,2441,0
1667,3618,0,2450,0
1668,3617,0,2455,0
1669,3615,0,2463,0
1670,3616,0,2469,0
1671,3619,0,2469,0
1672,3618,0,2467,0
1673,3622,0,2466,0
1674,3618,0,2458,0
1675,3616,0,2448,0
1676,3617,0,2437,0
1677,3615,0,2421,0
1678,3616,0,2401,0
1679,3619,0,2384,0
1680,3617,0,2369,0
1681,3616,0,2352,0
1682,3615,0,2338,0
1683,3614,0,2325,0
1684,3618,0,2318,0
1685,3616,0,2301,0
1686,3616,0,2304,0
1687,3616,0,2305,0
1688,3615,0,2305,0
1689,3617,0,2305,0
1690,3616,0,2301,0
1691,3617,0,2293,0
1692,3617,0,2288,0
1693,3614,0,2283,0
1694,3617,0,2283,0
1695,3616,0,2285,0
1696,3616,0,2287,0
1697,3619,0,2290,0
1698,3614,0,2288,0
1699,3616,0,2288,0
1700,3616,0,2283,0
1701,3617,0,2274,0
1702,3615,0,2267,0
1703,3615,0,2257,0
1704,3616,0,2241,0
1705,3615,0,2234,0
1706,3616,0,2231,0
1707,3616,0,2231,0
1708,3618,0,2226,0
1709,3615,0,2224,0
1710,3613,0,2215,0
1711,3611,0,2211,0
1712,3613,0,2210,0
1713,3617,0,2206,0
1714,3618,0,2206,0
1715,3616,0,2209,0
1716,3614,0,2217,0
1717,3615,0,2227,0
1718,3613,0,2237,0
1719,3615,0,2245,0
1720,3614,0,2256,0
1721,3615,0,2261,0
1722,3616,0,2266,0
1723,3619,0,2262,0
1724,3611,0,2241,0
1725,3616,0,2258,0
1726,3617,0,2265,0
1727,3619,0,2273,0
1728,3614,0,2279,0
1729,3617,0,2281,0
1730,3619,0,2288,0
1731,3614,0,2288,0
1732,3615,0,2288,0
1733,3612,0,2293,0
1734,3616,0,2301,0
1735,3614,0,2309,0
1736,3617,0,2316,0
1737,3616,0,2320,0
1738,3613,0,2325,0
1739,3616,0,2326,0
1740,3616,0,2323,0
1741,3618,0,2320,0
1742,3619,0,2319,0
1743,3615,0,2314,0
1744,3615,0,2289,0
1745,3615,0,2301,0
1746,3618,0,2304,0
1747,3615,0,2309,0
1748,3614,0,2317,0
1749,3614,0,2322,0
1750,3616,0,2327,0
1751,3616,0,2330,0
1752,3614,0,2334,0
1753,3619,0,2339,0
1754,3616,0,2346,0
1755,3619,0,2352,0
1756,3613,0,2361,0
1757,3615,0,2371,0
1758,3614,0,2382,0
1759,3617,0,2386,0
1760,3618,0,2393,0
1761,3615,0,2396,0
1762,3618,0,2397,0
1763,3615,0,2390,0
1764,3614,0,2370,0
1765,3617,0,2375,0
1766,3620,0,2377,0
1767,3619,0,2375,0
1768,3618,0,2381,0
1769,3613,0,2385,0
1770,3618,0,2395,0
1771,3619,0,2401,0
1772,3616,0,2409,0
1773,3617,0,2410,0
1774,3623,0,2414,0
1775,3611,0,2416,0
1776,3619,0,2427,0
1777,3618,0,2443,0
1778,3617,0,2461,0
1779,3619,0,2480,0
1780,3619,0,2495,0
1781,3617,0,2502,0
1782,3618,0,2502,0
1783,3618,0,2497,0
1784,3619,0,2480,0
1785,3615,0,2471,0
1786,3620,0,2453,0
1787,3616,0,2435,0
1788,3617,0,2416,0
1789,3620,0,2398,0
1790,3615,0,2382,0
1791,3615,0,2365,0
1792,3618,0,2352,0
1793,3622,0,2337,0
1794,3617,0,2323,0
1795,3618,0,2314,0
1796,3616,0,2304,0
1797,3617,0,2297,0
1798,3617,0,2299,0
1799,3616,0,2297,0
1800,3615,0,2301,0
1801,3615,0,2298,0
1802,3617,0,2298,0
1803,3616,0,2300,0
1804,3615,0,2299,0
1805,3618,0,2317,0
1806,3616,0,2322,0
1807,3616,0,2332,0
1808,3618,0,2333,0
1809,3618,0,2336,0
1810,3614,0,2337,0
1811,3616,0,2340,0
1812,3615,0,2341,0
1813,3615,0,2349,0
1814,3617,0,2351,0
1815,3618,0,2349,0
1816,3617,0,2346,0
1817,3620,0,2339,0
1818,3615,0,2331,0
1819,3617,0,2319,0
1820,3616,0,2306,0
1821,3619,0,2291,0
1822,3616,0,2281,0
1823,3619,0,2282,0
1824,3617,0,2256,0
1825,3615,0,2255,0
1826,3614,0,2249,0
1827,3615,0,2247,0
1828,3615,0,2241,0
1829,3617,0,2238,0
1830,3616,0,2238,0
1831,3616,0,2233,0
1832,3617,0,2230,0
1833,3618,0,2230,0
1834,3615,0,2229,0
1835,3617,0,2227,0
1836,3618,0,2224,0
1837,3619,0,2224,0
1838,3612,0,2218,0
1839,3619,0,2217,0
1840,3617,0,2222,0
1841,3617,0,2223,0
1842,3617,0,2224,0
1843,3618,0,2201,0
1844,3617,0,2226,0
1845,3618,0,2240,0
1846,3617,0,2252,0
1847,3615,0,2259,0
1848,3617,0,2272,0
1849,3617,0,2279,0
1850,3614,0,2285,0
1851,3614,0,2288,0
1852,3618,0,2289,0
1853,3618,0,2290,0
1854,3614,0,2291,0
1855,3615,0,2294,0
1856,3611,0,2294,0
1857,3614,0,2293,0
1858,3613,0,2295,0
1859,3615,0,2303,0
1860,3616,0,2307,0
1861,3616,0,2317,0
1862,3614,0,2321,0
1863,3615,0,2306,0
1864,3620,0,2327,0
1865,3612,0,2339,0
1866,3616,0,2349,0
1867,3620,0,2352,0
1868,3615,0,2358,0
1869,3618,0,2365,0
1870,3617,0,2367,0
1871,3616,0,2367,0
1872,3614,0,2364,0
1873,3616,0,2366,0
1874,3619,0,2365,0
1875,3617,0,2368,0
1876,3616,0,2373,0
1877,3614,0,2383,0
1878,3617,0,2389,0
1879,3618,0,2399,0
1880,3618,0,2406,0
1881,3615,0,2415,0
1882,3615,0,2416,0
1883,3617,0,2406,0
1884,3617,0,2425,0
1885,3614,0,2429,0
1886,3616,0,2427,0
1887,3618,0,2425,0
1888,3618,0,2423,0
1889,3619,0,2421,0
1890,3616,0,2420,0
1891,3619,0,2416,0
1892,3617,0,2414,0
1893,3617,0,2405,0
1894,3619,0,2395,0
1895,3618,0,2388,0
1896,3618,0,2387,0
1897,3616,0,2387,0
1898,3617,0,2399,0
1899,3615,0,2409,0
1900,3616,0,2422,0
1901,3617,0,2432,0
1902,3617,0,2435,0
1903,3616,0,2416,0
1904,3617,0,2423,0
1905,3613,0,2420,0
1906,3616,0,2427,0
1907,3616,0,2431,0
1908,3617,0,2435,0
1909,3617,0,2447,0
1910,3619,0,2448,0
1911,3618,0,2447,0
1912,3615,0,2441,0
1913,3619,0,2431,0
1914,3618,0,2420,0
1915,3619,0,2411,0
1916,3617,0,2398,0
1917,3617,0,2388,0
1918,3617,0,2378,0
1919,3619,0,2365,0
1920,3616,0,2352,0
1921,3615,0,2343,0
1922,3616,0,2331,0
1923,3615,0,2311,0
1924,3617,0,2319,0
1925,3615,0,2318,0
1926,3615,0,2314,0
1927,3614,0,2310,0
1928,3615,0,2307,0
1929,3615,0,2303,0
1930,3615,0,2303,0
1931,3618,0,2304,0
1932,3615,0,2311,0
1933,3612,0,2318,0
1934,3615,0,2320,0
1935,3616,0,2323,0
1936,3614,0,2322,0
1937,3615,0,2321,0
1938,3615,0,2315,0
1939,3616,0,2309,0
1940,3617,0,2298,0
1941,3616,0,2288,0
1942,3615,0,2272,0
1943,3619,0,2252,0
1944,3615,0,2251,0
1945,3614,0,2245,0
1946,3613,0,2243,0
1947,3615,0,2238,0
1948,3612,0,2235,0
1949,3619,0,2228,0
1950,3612,0,2224,0
1951,3615,0,2224,0
1952,3614,0,2224,0
1953,3617,0,2224,0
1954,3616,0,2224,0
1955,3618,0,2229,0
1956,3615,0,2233,0
1957,3616,0,2234,0
1958,3614,0,2233,0
1959,3614,0,2233,0
1960,3614,0,2234,0
1961,3615,0,2239,0
1962,3616,0,2246,0
1963,3617,0,2242,0
1964,3615,0,2256,0
1965,3615,0,2263,0
1966,3614,0,2271,0
1967,3619,0,2274,0
1968,3614,0,2275,0
1969,3615,0,2275,0
1970,3616,0,2274,0
1971,3618,0,2269,0
1972,3617,0,2266,0
1973,3615,0,2265,0
1974,3614,0,2265,0
1975,3615,0,2269,0
1976,3617,0,2274,0
1977,3615,0,2279,0
1978,3614,0,2282,0
1979,3615,0,2288,0
1980,3614,0,2290,0
1981,3618,0,2295,0
1982,3616,0,2299,0
1983,3615,0,2288,0
1984,3617,0,2297,0
1985,3617,0,2299,0
1986,3615,0,2299,0
1987,3613,0,2297,0
1988,3617,0,2297,0
1989,3617,0,2294,0
1990,3613,0,2299,0
1991,3617,0,2297,0
1992,3616,0,2299,0
1993,3613,0,2303,0
1994,3615,0,2306,0
1995,3617,0,2314,0
1996,3615,0,2319,0
1997,3617,0,2321,0
1998,3616,0,2333,0
1999,3615,0,2345,0
2000,3617,0,2353,0
2001,3614,0,2366,0
2002,3617,0,2384,0
2003,3618,0,2377,0
2004,3617,0,2390,0
2005,3615,0,2394,0
2006,3617,0,2389,0
2007,3616,0,2383,0
2008,3615,0,2375,0
2009,3618,0,2371,0
2010,3615,0,2370,0
2011,3616,0,2375,0
2012,3615,0,2373,0
2013,3619,0,2378,0
2014,3616,0,2384,0
2015,3614,0,2392,0
2016,3616,0,2403,0
2017,3616,0,2409,0
2018,3616,0,2416,0
2019,3621,0,2427,0
2020,3614,0,2448,0
2021,3616,0,2471,0
2022,3619,0,2479,0
2023,3617,0,2495,0
2024,3614,0,2510,0
2025,3617,0,2517,0
2026,3618,0,2525,0
2027,3619,0,2530,0
2028,3615,0,2528,0
2029,3617,0,2522,0
2030,3615,0,2512,0
2031,3621,0,2493,0
2032,3621,0,2470,0
2033,3623,0,2445,0
2034,3618,0,2423,0
2035,3615,0,2409,0
2036,3620,0,2385,0
2037,3615,0,2367,0
2038,3616,0,2346,0
2039,3616,0,2325,0
2040,3614,0,2308,0
2041,3615,0,2301,0
2042,3615,0,2277,0
2043,3616,0,2299,0
2044,3614,0,2318,0
2045,3615,0,2330,0
2046,3616,0,2340,0
2047,3614,0,2351,0
2048,3616,0,2352,0
2049,3619,0,2354,0
2050,3619,0,2358,0
2051,3620,0,2363,0
2052,3616,0,2368,0
2053,3617,0,2369,0
2054,3620,0,2370,0
2055,3617,0,2367,0
2056,3620,0,2363,0
2057,3615,0,2352,0
2058,3615,0,2335,0
2059,3614,0,2319,0
2060,3614,0,2304,0
2061,3613,0,2294,0
2062,3614,0,2272,0
2063,3614,0,2285,0
2064,3618,0,2282,0
2065,3617,0,2279,0
2066,3614,0,2278,0
2067,3615,0,2273,0
2068,3617,0,2271,0
2069,3621,0,2269,0
2070,3621,0,2265,0
2071,3615,0,2267,0
2072,3616,0,2267,0
2073,3614,0,2272,0
2074,3617,0,2276,0
2075,3615,0,2283,0
2076,3615,0,2289,0
2077,3616,0,2299,0
2078,3616,0,2305,0
2079,3615,0,2310,0
2080,3616,0,2313,0
2081,3619,0,2313,0
2082,3616,0,2294,0
2083,3617,0,2306,0
2084,3619,0,2305,0
2085,3615,0,2304,0
2086,3619,0,2302,0
2087,3616,0,2299,0
2088,3615,0,2299,0
2089,3619,0,2295,0
2090,3615,0,2299,0
2091,3621,0,2301,0
2092,3614,0,2310,0
2093,3615,0,2315,0
2094,3618,0,2320,0
2095,3616,0,2326,0
2096,3615,0,2336,0
2097,3616,0,2339,0
2098,3617,0,2344,0
2099,3614,0,2346,0
2100,3617,0,2350,0
2101,3617,0,2352,0
2102,3617,0,2339,0
2103,3617,0,2352,0
2104,3614,0,2355,0
2105,3617,0,2354,0
2106,3615,0,2349,0
2107,3616,0,2334,0
2108,3613,0,2321,0
2109,3614,0,2315,0
2110,3615,0,2304,0
2111,3615,0,2302,0
2112,3615,0,2295,0
2113,3614,0,2290,0
2114,3614,0,2291,0
2115,3613,0,2294,0
2116,3611,0,2303,0
2117,3618,0,2305,0
2118,3616,0,2305,0
2119,3618,0,2307,0
2120,3616,0,2306,0
2121,3614,0,2302,0
2122,3615,0,2288,0
2123,3613,0,2299,0
2124,3617,0,2305,0
2125,3618,0,2309,0
2126,3615,0,2309,0
2127,3616,0,2314,0
2128,3614,0,2314,0
2129,3615,0,2327,0
2130,3616,0,2343,0
2131,3615,0,2356,0
2132,3614,0,2374,0
2133,3614,0,2387,0
2134,3616,0,2398,0
2135,3615,0,2405,0
2136,3615,0,2411,0
2137,3614,0,2405,0
2138,3613,0,2407,0
2139,3616,0,2410,0
2140,3617,0,2401,0
2141,3616,0,2389,0
2142,3619,0,2368,0
2143,3617,0,2363,0
2144,3618,0,2352,0
2145,3611,0,2345,0
2146,3614,0,2335,0
2147,3617,0,2320,0
2148,3617,0,2307,0
2149,3617,0,2297,0
2150,3615,0,2289,0
2151,3617,0,2288,0
2152,3616,0,2291,0
2153,3611,0,2289,0
2154,3615,0,2295,0
2155,3617,0,2301,0
2156,3613,0,2310,0
2157,3616,0,2320,0
2158,3617,0,2325,0
2159,3616,0,2334,0
2160,3614,0,2336,0
2161,3616,0,2320,0
2162,3615,0,2343,0
2163,3617,0,2352,0
2164,3616,0,2359,0
2165,3617,0,2364,0
2166,3615,0,2367,0
2167,3618,0,2368,0
2168,3618,0,2368,0
2169,3616,0,2369,0
2170,3615,0,2370,0
2171,3615,0,2368,0
2172,3617,0,2369,0
2173,3616,0,2368,0
2174,3615,0,2367,0
2175,3614,0,2367,0
2176,3615,0,2367,0
2177,3616,0,2359,0
2178,3619,0,2355,0
2179,3616,0,2352,0
2180,3615,0,2349,0
2181,3616,0,2319,0
2182,3615,0,2327,0
2183,3614,0,2330,0
2184,3615,0,2323,0
2185,3615,0,2320,0
2186,3613,0,2316,0
2187,3615,0,2314,0
2188,3615,0,2310,0
2189,3615,0,2309,0
2190,3613,0,2315,0
2191,3618,0,2317,0
2192,3615,0,2320,0
2193,3611,0,2320,0
2194,3616,0,2319,0
2195,3617,0,2317,0
2196,3616,0,2316,0
2197,3617,0,2314,0
2198,3616,0,2318,0
2199,3616,0,2320,0
2200,3613,0,2320,0
2201,3615,0,2299,0
2202,3613,0,2315,0
2203,3614,0,2320,0
2204,3617,0,2320,0
2205,3616,0,2320,0
2206,3616,0,2320,0
2207,3614,0,2321,0
2208,3617,0,2324,0
2209,3616,0,2327,0
2210,3615,0,2329,0
2211,3615,0,2334,0
2212,3618,0,2336,0
2213,3618,0,2332,0
2214,3614,0,2327,0
2215,3617,0,2331,0
2216,3616,0,2337,0
2217,3617,0,2343,0
2218,3614,0,2349,0
2219,3618,0,2349,0
2220,3610,0,2347,0
2221,3615,0,2331,0
2222,3617,0,2343,0
2223,3617,0,2352,0
2224,3614,0,2351,0
2225,3614,0,2352,0
2226,3618,0,2352,0
2227,3616,0,2349,0
2228,3613,0,2351,0
2229,3617,0,2347,0
2230,3617,0,2347,0
2231,3618,0,2343,0
2232,3617,0,2341,0
2233,3615,0,2335,0
2234,3617,0,2334,0
2235,3617,0,2331,0
2236,3614,0,2333,0
2237,3615,0,2334,0
2238,3617,0,2331,0
2239,3617,0,2334,0
2240,3615,0,2331,0
2241,3618,0,2320,0
2242,3622,0,2330,0
2243,3614,0,2335,0
2244,3616,0,2335,0
2245,3616,0,2334,0
2246,3615,0,2336,0
2247,3617,0,2333,0
2248,3619,0,2331,0
2249,3615,0,2326,0
2250,3615,0,2326,0
2251,3616,0,2323,0
2252,3618,0,2324,0
2253,3615,0,2331,0
2254,3617,0,2335,0
2255,3615,0,2335,0
2256,3618,0,2334,0
2257,3615,0,2333,0
2258,3618,0,2329,0
2259,3615,0,2330,0
2260,3615,0,2335,0
2261,3615,0,2324,0
2262,3618,0,2336,0
2263,3618,0,2343,0
2264,3617,0,2343,0
2265,3616,0,2345,0
2266,3615,0,2341,0
2267,3613,0,2340,0
2268,3614,0,2339,0
2269,3621,0,2335,0
2270,3615,0,2333,0
2271,3616,0,2337,0
2272,3616,0,2335,0
2273,3615,0,2334,0
2274,3615,0,2330,0
2275,3617,0,2325,0
2276,3614,0,2320,0
2277,3615,0,2318,0
2278,3614,0,2320,0
2279,3617,0,2319,0
2280,3615,0,2314,0
2281,3615,0,2319,0
2282,3615,0,2322,0
2283,3619,0,2327,0
2284,3615,0,2330,0
2285,3615,0,2332,0
2286,3615,0,2329,0
2287,3618,0,2326,0
2288,3617,0,2325,0
2289,3616,0,2320,0
2290,3618,0,2320,0
2291,3617,0,2323,0
2292,3615,0,2325,0
2293,3620,0,2325,0
2294,3616,0,2330,0
2295,3615,0,2331,0
2296,3614,0,2333,0
2297,3619,0,2335,0
2298,3615,0,2335,0
2299,3617,0,2334,0
2300,3616,0,2305,0
2301,3616,0,2322,0
2302,3615,0,2327,0
2303,3617,0,2333,0
2304,3618,0,2337,0
2305,3615,0,2341,0
2306,3618,0,2338,0
2307,3618,0,2336,0
2308,3615,0,2330,0
2309,3615,0,2326,0
2310,3617,0,2326,0
2311,3618,0,2327,0
2312,3617,0,2333,0
2313,3614,0,2336,0
2314,3616,0,2338,0
2315,3621,0,2338,0
2316,3617,0,2338,0
2317,3618,0,2341,0
2318,3617,0,2342,0
2319,3617,0,2340,0
2320,3614,0,2320,0
2321,3614,0,2337,0
2322,3615,0,2342,0
2323,3615,0,2341,0
2324,3616,0,2340,0
2325,3616,0,2339,0
2326,3619,0,2335,0
2327,3615,0,2335,0
2328,3617,0,2334,0
2329,3617,0,2335,0
2330,3618,0,2333,0
2331,3615,0,2331,0
2332,3614,0,2332,0
2333,3615,0,2333,0
2334,3615,0,2334,0
2335,3617,0,2339,0
2336,3614,0,2337,0
2337,3612,0,2340,0
2338,3617,0,2341,0
2339,3613,0,2338,0
2340,3614,0,2321,0
2341,3616,0,2332,0
2342,3614,0,2338,0
2343,3616,0,2341,0
2344,3619,0,2342,0
2345,3616,0,2342,0
2346,3616,0,2345,0
2347,3613,0,2345,0
2348,3615,0,2342,0
2349,3617,0,2336,0
2350,3615,0,2334,0
2351,3615,0,2331,0
2352,3616,0,2326,0
2353,3617,0,2329,0
2354,3617,0,2334,0
2355,3614,0,2329,0
2356,3617,0,2324,0
2357,3621,0,2322,0
2358,3614,0,2324,0
2359,3616,0,2325,0
2360,3613,0,2310,0
2361,3620,0,2327,0
2362,3615,0,2337,0
2363,3622,0,2341,0
2364,3617,0,2340,0
2365,3614,0,2341,0
2366,3614,0,2345,0
2367,3615,0,2350,0
2368,3616,0,2352,0
2369,3617,0,2352,0
2370,3616,0,2352,0
2371,3617,0,2352,0
2372,3615,0,2351,0
2373,3616,0,2348,0
2374,3614,0,2343,0
2375,3615,0,2342,0
2376,3613,0,2343,0
2377,3614,0,2340,0
2378,3616,0,2339,0
2379,3613,0,2333,0
2380,3614,0,2320,0
2381,3612,0,2327,0
2382,3615,0,2337,0
2383,3616,0,2339,0
2384,3615,0,2341,0
2385,3619,0,2342,0
2386,3615,0,2342,0
2387,3617,0,2343,0
2388,3618,0,2338,0
2389,3616,0,2336,0
2390,3615,0,2336,0
2391,3616,0,2331,0
2392,3617,0,2332,0
2393,3615,0,2332,0
2394,3615,0,2333,0
2395,3615,0,2333,0
2396,3613,0,2329,0
2397,3617,0,2325,0
2398,3618,0,2322,0
2399,3613,0,2324,0
2400,3617,0,2317,0
2401,3616,0,2327,0
2402,3615,0,2333,0
2403,3615,0,2334,0
2404,3616,0,2339,0
2405,3613,0,2340,0
2406,3616,0,2341,0
2407,3617,0,2339,0
2408,3614,0,2346,0
2409,3619,0,2347,0
2410,3617,0,2346,0
2411,3614,0,2340,0
2412,3617,0,2339,0
2413,3617,0,2335,0
2414,3615,0,2333,0
2415,3618,0,2330,0
2416,3616,0,2325,0
2417,3617,0,2325,0
2418,3615,0,2323,0
2419,3615,0,2323,0
2420,3617,0,2311,0
2421,3616,0,2317,0
2422,3616,0,2320,0
2423,3614,0,2326,0
2424,3617,0,2331,0
2425,3615,0,2335,0
2426,3613,0,2337,0
2427,3620,0,2338,0
2428,3618,0,2338,0
2429,3614,0,2338,0
2430,3617,0,2340,0
2431,3621,0,2346,0
2432,3615,0,2347,0
2433,3616,0,2346,0
2434,3615,0,2343,0
2435,3615,0,2338,0
2436,3615,0,2331,0
2437,3618,0,2329,0
2438,3616,0,2327,0
2439,3613,0,2332,0
2440,3613,0,2318,0
2441,3617,0,2322,0
2442,3613,0,2321,0
2443,3616,0,2324,0
2444,3617,0,2326,0
2445,3614,0,2330,0
2446,3610,0,2333,0
2447,3617,0,2331,0
2448,3617,0,2334,0
2449,3616,0,2341,0
2450,3615,0,2341,0
2451,3615,0,2343,0
2452,3615,0,2342,0
2453,3615,0,2346,0
2454,3615,0,2345,0
2455,3613,0,2343,0
2456,3614,0,2347,0
2457,3615,0,2342,0
2458,3614,0,2341,0
2459,3610,0,2314,0
2460,3615,0,2327,0
2461,3613,0,2329,0
2462,3613,0,2330,0
2463,3616,0,2331,0
2464,3615,0,2329,0
2465,3614,0,2334,0
2466,3613,0,2336,0
2467,3612,0,2331,0
2468,3615,0,2326,0
2469,3615,0,2326,0
2470,3617,0,2325,0
2471,3617,0,2326,0
2472,3615,0,2331,0
2473,3619,0,2326,0
2474,3613,0,2325,0
2475,3616,0,2326,0
2476,3615,0,2325,0
2477,3614,0,2325,0
2478,3619,0,2325,0
2479,3614,0,2309,0
2480,3615,0,2322,0
2481,3619,0,2331,0
2482,3615,0,2332,0
2483,3614,0,2333,0
2484,3610,0,2336,0
2485,3616,0,2341,0
2486,3614,0,2338,0
2487,3615,0,2336,0
2488,3616,0,2335,0
2489,3613,0,2335,0
2490,3614,0,2336,0
2491,3615,0,2336,0
2492,3613,0,2339,0
2493,3611,0,2337,0
2494,3615,0,2336,0
2495,3614,0,2336,0
2496,3613,0,2337,0
2497,3618,0,2335,0
2498,3615,0,2336,0
2499,3613,0,2319,0
2500,3615,0,2330,0
2501,3617,0,2336,0
2502,3615,0,2337,0
2503,3618,0,2339,0
2504,3614,0,2339,0
2505,3619,0,2343,0
2506,3617,0,2342,0
2507,3613,0,2347,0
2508,3616,0,2345,0
2509,3619,0,2338,0
2510,3614,0,2336,0
2511,3611,0,2333,0
2512,3613,0,2335,0
2513,3617,0,2337,0
2514,3616,0,2337,0
2515,3618,0,2336,0
2516,3618,0,2337,0
2517,3614,0,2337,0
2518,3617,0,2338,0
2519,3613,0,2320,0
2520,3618,0,2335,0
2521,3615,0,2336,0
2522,3616,0,2340,0
2523,3616,0,2337,0
2524,3616,0,2341,0
2525,3615,0,2336,0
2526,3613,0,2335,0
2527,3613,0,2330,0
2528,3615,0,2329,0
2529,3613,0,2325,0
2530,3613,0,2329,0
2531,3613,0,2331,0
2532,3614,0,2334,0
2533,3616,0,2335,0
2534,3614,0,2335,0
2535,3615,0,2336,0
2536,3616,0,2336,0
2537,3617,0,2335,0
2538,3615,0,2335,0
2539,3616,0,2321,0
2540,3616,0,2329,0
2541,3614,0,2330,0
2542,3614,0,2331,0
2543,3614,0,2329,0
2544,3615,0,2335,0
2545,3615,0,2334,0
2546,3618,0,2335,0
2547,3616,0,2334,0
2548,3614,0,2333,0
2549,3616,0,2334,0
2550,3615,0,2334,0
2551,3614,0,2337,0
2552,3617,0,2338,0
2553,3615,0,2335,0
2554,3609,0,2333,0
2555,3615,0,2330,0
2556,3617,0,2331,0
2557,3615,0,2333,0
2558,3610,0,2327,0
2559,3613,0,2327,0
2560,3612,0,2335,0
2561,3616,0,2337,0
2562,3615,0,2337,0
2563,3616,0,2338,0
2564,3618,0,2337,0
2565,3615,0,2336,0
2566,3615,0,2334,0
2567,3619,0,2329,0
2568,3615,0,2327,0
2569,3616,0,2325,0
2570,3614,0,2327,0
2571,3614,0,2327,0
2572,3616,0,2330,0
2573,3617,0,2330,0
2574,3614,0,2334,0
2575,3616,0,2335,0
2576,3615,0,2336,0
2577,3617,0,2337,0
2578,3611,0,2314,0
2579,3614,0,2331,0
2580,3613,0,2337,0
2581,3614,0,2338,0
2582,3613,0,2336,0
2583,3617,0,2337,0
2584,3616,0,2335,0
2585,3615,0,2337,0
2586,3618,0,2337,0
2587,3614,0,2337,0
2588,3615,0,2334,0
2589,3614,0,2334,0
2590,3614,0,2337,0
2591,3619,0,2342,0
2592,3616,0,2334,0
2593,3615,0,2331,0
2594,3615,0,2338,0
2595,3614,0,2341,0
2596,3615,0,2336,0
2597,3614,0,2338,0
2598,3616,0,2320,0
2599,3615,0,2337,0
2600,3614,0,2341,0
2601,3617,0,2339,0
2602,3614,0,2335,0
2603,3617,0,2337,0
2604,3614,0,2335,0
2605,3615,0,2337,0
2606,3616,0,2333,0
2607,3614,0,2333,0
2608,3615,0,2331,0
2609,3618,0,2331,0
2610,3615,0,2335,0
2611,3613,0,2333,0
2612,3610,0,2335,0
2613,3615,0,2335,0
2614,3614,0,2329,0
2615,3614,0,2334,0
2616,3615,0,2336,0
2617,3618,0,2336,0
2618,3611,0,2322,0
2619,3619,0,2337,0
2620,3617,0,2335,0
2621,3614,0,2337,0
2622,3615,0,2335,0
2623,3615,0,2336,0
2624,3620,0,2336,0
2625,3616,0,2333,0
2626,3615,0,2331,0
2627,3618,0,2331,0
2628,3618,0,2334,0
2629,3612,0,2335,0
2630,3617,0,2335,0
2631,3614,0,2336,0
2632,3613,0,2333,0
2633,3613,0,2331,0
2634,3616,0,2330,0
2635,3616,0,2330,0
2636,3615,0,2327,0
2637,3612,0,2330,0
2638,3614,0,2319,0
2639,3620,0,2331,0
2640,3614,0,2336,0
2641,3614,0,2335,0
2642,3612,0,2333,0
2643,3612,0,2333,0
2644,3615,0,2331,0
2645,3618,0,2331,0
2646,3616,0,2333,0
2647,3613,0,2334,0
2648,3613,0,2335,0
2649,3614,0,2333,0
2650,3617,0,2333,0
2651,3615,0,2331,0
2652,3615,0,2329,0
2653,3615,0,2326,0
2654,3615,0,2326,0
2655,3615,0,2326,0
2656,3614,0,2326,0
2657,3615,0,2326,0
2658,3617,0,2319,0
2659,3614,0,2329,0
2660,3615,0,2336,0
2661,3615,0,2340,0
2662,3613,0,2339,0
2663,3618,0,2341,0
2664,3613,0,2342,0
2665,3613,0,2336,0
2666,3613,0,2334,0
2667,3615,0,2332,0
2668,3614,0,2334,0
2669,3618,0,2334,0
2670,3616,0,2336,0
2671,3615,0,2337,0
2672,3617,0,2335,0
2673,3615,0,2334,0
2674,3615,0,2333,0
2675,3613,0,2331,0
2676,3613,0,2330,0
2677,3616,0,2326,0
2678,3615,0,2320,0
2679,3615,0,2326,0
2680,3619,0,2333,0
2681,3615,0,2335,0
2682,3617,0,2333,0
2683,3617,0,2334,0
2684,3617,0,2335,0
2685,3614,0,2336,0
2686,3616,0,2339,0
2687,3614,0,2341,0
2688,3615,0,2339,0
2689,3615,0,2339,0
2690,3614,0,2335,0
2691,3616,0,2338,0
2692,3616,0,2342,0
2693,3614,0,2341,0
2694,3614,0,2336,0
2695,3616,0,2336,0
2696,3616,0,2333,0
2697,3615,0,2333,0
2698,3611,0,2320,0
2699,3615,0,2325,0
2700,3616,0,2330,0
2701,3614,0,2331,0
2702,3615,0,2331,0
2703,3617,0,2333,0
2704,3614,0,2334,0
2705,3616,0,2334,0
2706,3616,0,2338,0
2707,3616,0,2339,0
2708,3615,0,2339,0
2709,3613,0,2343,0
2710,3611,0,2343,0
2711,3615,0,2341,0
2712,3613,0,2338,0
2713,3617,0,2336,0
2714,3620,0,2334,0
2715,3616,0,2330,0
2716,3616,0,2326,0
2717,3614,0,2301,0
2718,3615,0,2317,0
2719,3613,0,2320,0
2720,3616,0,2324,0
2721,3614,0,2326,0
2722,3618,0,2326,0
2723,3616,0,2329,0
2724,3616,0,2334,0
2725,3612,0,2338,0
2726,3617,0,2341,0
2727,3616,0,2343,0
2728,3614,0,2339,0
2729,3615,0,2340,0
2730,3615,0,2336,0
2731,3619,0,2336,0
2732,3616,0,2335,0
2733,3615,0,2337,0
2734,3616,0,2339,0
2735,3615,0,2338,0
2736,3614,0,2336,0
2737,3613,0,2310,0
2738,3611,0,2323,0
2739,3615,0,2326,0
2740,3615,0,2326,0
2741,3614,0,2324,0
2742,3615,0,2327,0
2743,3617,0,2330,0
2744,3615,0,2335,0
2745,3615,0,2337,0
2746,3611,0,2336,0
2747,3615,0,2336,0
2748,3619,0,2336,0
2749,3616,0,2332,0
2750,3611,0,2333,0
2751,3615,0,2333,0
2752,3613,0,2334,0
2753,3616,0,2337,0
2754,3614,0,2341,0
2755,3619,0,2341,0
2756,3617,0,2339,0
2757,3615,0,2317,0
2758,3609,0,2325,0
2759,3618,0,2334,0
2760,3613,0,2335,0
2761,3615,0,2331,0
2762,3615,0,2330,0
2763,3611,0,2323,0
2764,3615,0,2323,0
2765,3616,0,2326,0
2766,3613,0,2333,0
2767,3613,0,2337,0
2768,3618,0,2338,0
2769,3614,0,2338,0
2770,3611,0,2335,0
2771,3613,0,2331,0
2772,3613,0,2331,0
2773,3617,0,2331,0
2774,3617,0,2330,0
2775,3615,0,2334,0
2776,3613,0,2334,0
2777,3613,0,2314,0
2778,3614,0,2327,0
2779,3617,0,2330,0
2780,3617,0,2331,0
2781,3619,0,2330,0
2782,3613,0,2334,0
2783,3615,0,2338,0
2784,3613,0,2337,0
2785,3618,0,2336,0
2786,3614,0,2333,0
2787,3616,0,2335,0
2788,3615,0,2336,0
2789,3616,0,2337,0
2790,3615,0,2334,0
2791,3618,0,2336,0
2792,3617,0,2337,0
2793,3616,0,2334,0
2794,3615,0,2334,0
2795,3613,0,2334,0
2796,3611,0,2336,0
2797,3617,0,2320,0
2798,3621,0,2333,0
2799,3614,0,2336,0
2800,3615,0,2333,0
2801,3616,0,2331,0
2802,3615,0,2334,0
2803,3618,0,2336,0
2804,3617,0,2338,0
2805,3613,0,2341,0
2806,3615,0,2337,0
2807,3614,0,2334,0
2808,3610,0,2336,0
2809,3615,0,2337,0
2810,3617,0,2335,0
2811,3615,0,2336,0
2812,3615,0,2337,0
2813,3615,0,2337,0
2814,3614,0,2335,0
2815,3618,0,2334,0
2816,3616,0,2331,0
2817,3618,0,2317,0
2818,3612,0,2330,0
2819,3613,0,2337,0
2820,3615,0,2339,0
2821,3613,0,2338,0
2822,3617,0,2339,0
2823,3622,0,2337,0
2824,3616,0,2335,0
2825,3617,0,2332,0
2826,3613,0,2331,0
2827,3614,0,2329,0
2828,3614,0,2326,0
2829,3614,0,2323,0
2830,3614,0,2325,0
2831,3614,0,2326,0
2832,3610,0,2330,0
2833,3615,0,2334,0
2834,3617,0,2335,0
2835,3617,0,2334,0
2836,3617,0,2335,0
2837,3614,0,2320,0
2838,3615,0,2329,0
2839,3613,0,2331,0
2840,3615,0,2330,0
2841,3615,0,2327,0
2842,3617,0,2329,0
2843,3616,0,2325,0
2844,3613,0,2323,0
2845,3618,0,2322,0
2846,3616,0,2323,0
2847,3613,0,2325,0
2848,3615,0,2325,0
2849,3613,0,2323,0
2850,3615,0,2323,0
2851,3615,0,2322,0
2852,3614,0,2323,0
2853,3615,0,2326,0
2854,3617,0,2327,0
2855,3616,0,2330,0
2856,3616,0,2333,0
2857,3616,0,2323,0
2858,3613,0,2337,0
2859,3614,0,2343,0
2860,3616,0,2345,0
2861,3619,0,2347,0
2862,3613,0,2347,0
2863,3618,0,2349,0
2864,3616,0,2352,0
2865,3613,0,2351,0
2866,3615,0,2349,0
2867,3610,0,2349,0
2868,3619,0,2342,0
2869,3615,0,2339,0
2870,3618,0,2338,0
2871,3613,0,2331,0
2872,3614,0,2333,0
2873,3613,0,2332,0
2874,3614,0,2331,0
2875,3614,0,2334,0
2876,3615,0,2335,0
2877,3616,0,2327,0
2878,3611,0,2337,0
2879,3613,0,2340,0
2880,3614,0,2339,0
2881,3615,0,2340,0
2882,3618,0,2338,0
2883,3621,0,2337,0
2884,3615,0,2334,0
2885,3618,0,2333,0
2886,3617,0,2327,0
2887,3616,0,2326,0
2888,3615,0,2320,0
2889,3615,0,2321,0
2890,3616,0,2320,0
2891,3619,0,2320,0
2892,3613,0,2325,0
2893,3618,0,2329,0
2894,3614,0,2337,0
2895,3613,0,2342,0
2896,3615,0,2343,0
2897,3618,0,2332,0
2898,3618,0,2343,0
2899,3621,0,2343,0
2900,3614,0,2346,0
2901,3614,0,2342,0
2902,3617,0,2340,0
2903,3615,0,2339,0
2904,3615,0,2339,0
2905,3614,0,2337,0
2906,3611,0,2335,0
2907,3614,0,2333,0
2908,3615,0,2329,0
2909,3617,0,2327,0
2910,3615,0,2322,0
2911,3614,0,2325,0
2912,3614,0,2330,0
2913,3615,0,2334,0
2914,3613,0,2337,0
2915,3615,0,2335,0
2916,3615,0,2335,0
2917,3613,0,2326,0
2918,3612,0,2332,0
2919,3614,0,2336,0
2920,3616,0,2334,0
2921,3618,0,2335,0
2922,3617,0,2337,0
2923,3615,0,2335,0
2924,3614,0,2332,0
2925,3614,0,2331,0
2926,3617,0,2327,0
2927,3614,0,2330,0
2928,3615,0,2329,0
2929,3618,0,2335,0
2930,3609,0,2337,0
2931,3613,0,2339,0
2932,3616,0,2337,0
2933,3615,0,2339,0
2934,3616,0,2338,0
2935,3615,0,2336,0
2936,3616,0,2308,0
2937,3615,0,2327,0
2938,3619,0,2333,0
2939,3615,0,2335,0
2940,3616,0,2333,0
2941,3613,0,2329,0
2942,3613,0,2327,0
2943,3617,0,2327,0
2944,3618,0,2330,0
2945,3617,0,2330,0
2946,3615,0,2333,0
2947,3615,0,2335,0
2948,3613,0,2339,0
2949,3616,0,2341,0
2950,3617,0,2342,0
2951,3613,0,2343,0
2952,3615,0,2347,0
2953,3618,0,2350,0
2954,3617,0,2342,0
2955,3612,0,2341,0
2956,3616,0,2318,0
2957,3614,0,2327,0
2958,3616,0,2335,0
2959,3615,0,2334,0
2960,3613,0,2333,0
2961,3617,0,2330,0
2962,3613,0,2326,0
2963,3619,0,2327,0
2964,3612,0,2330,0
2965,3614,0,2329,0
2966,3611,0,2327,0
2967,3616,0,2330,0
2968,3614,0,2329,0
2969,3615,0,2334,0
2970,3613,0,2335,0
2971,3615,0,2333,0
2972,3615,0,2333,0
2973,3617,0,2333,0
2974,3611,0,2333,0
2975,3615,0,2333,0
2976,3614,0,2315,0
2977,3616,0,2330,0
2978,3616,0,2335,0
2979,3615,0,2338,0
2980,3616,0,2336,0
2981,3616,0,2335,0
2982,3615,0,2336,0
2983,3611,0,2334,0
2984,3618,0,2335,0
2985,3611,0,2334,0
2986,3614,0,2334,0
2987,3616,0,2335,0
2988,3616,0,2335,0
2989,3616,0,2333,0
2990,3614,0,2332,0
2991,3614,0,2334,0
2992,3613,0,2333,0
2993,3614,0,2332,0
2994,3613,0,2331,0
2995,3618,0,2329,0
2996,3614,0,2314,0
2997,3614,0,2323,0
2998,3613,0,2331,0
2999,3613,0,2334,0
3000,3615,0,2335,0
3001,3612,0,2338,0
3002,3617,0,2337,0
3003,3613,0,2331,0
3004,3615,0,2327,0
3005,3613,0,2323,0
3006,3613,0,2327,0
3007,3612,0,2333,0
3008,3614,0,2336,0
3009,3616,0,2338,0
3010,3613,0,2340,0
3011,3615,0,2342,0
3012,3615,0,2343,0
3013,3613,0,2340,0
3014,3616,0,2338,0
3015,3614,0,2337,0
3016,3617,0,2323,0
3017,3613,0,2331,0
3018,3616,0,2336,0
3019,3615,0,2336,0
3020,3615,0,2337,0
3021,3618,0,2341,0
3022,3616,0,2337,0
3023,3618,0,2336,0
3024,3616,0,2334,0
3025,3616,0,2332,0
3026,3614,0,2331,0
3027,3619,0,2335,0
3028,3616,0,2335,0
3029,3615,0,2336,0
3030,3615,0,2334,0
3031,3617,0,2336,0
3032,3615,0,2335,0
3033,3615,0,2336,0
3034,3619,0,2337,0
3035,3615,0,2339,0
3036,3616,0,2326,0
3037,3618,0,2333,0
3038,3615,0,2331,0
3039,3614,0,2327,0
3040,3614,0,2324,0
3041,3615,0,2324,0
3042,3613,0,2325,0
3043,3617,0,2327,0
3044,3616,0,2334,0
3045,3616,0,2335,0
3046,3617,0,2335,0
3047,3615,0,2336,0
3048,3613,0,2335,0
3049,3618,0,2336,0
3050,3617,0,2340,0
3051,3616,0,2342,0
3052,3617,0,2340,0
3053,3613,0,2339,0
3054,3612,0,2335,0
3055,3616,0,2343,0
3056,3616,0,2320,0
3057,3613,0,2320,0
3058,3615,0,2320,0
3059,3616,0,2320,0
3060,3619,0,2321,0
3061,3614,0,2322,0
3062,3610,0,2324,0
3063,3617,0,2333,0
3064,3613,0,2334,0
3065,3614,0,2339,0
3066,3618,0,2347,0
3067,3615,0,2345,0
3068,3614,0,2348,0
3069,3613,0,2349,0
3070,3613,0,2347,0
3071,3615,0,2341,0
3072,3615,0,2342,0
3073,3614,0,2340,0
3074,3615,0,2341,0
3075,3615,0,2317,0
3076,3620,0,2331,0
3077,3617,0,2336,0
3078,3613,0,2327,0
3079,3616,0,2325,0
3080,3618,0,2326,0
3081,3616,0,2333,0
3082,3615,0,2333,0
3083,3617,0,2335,0
3084,3615,0,2336,0
3085,3614,0,2338,0
3086,3614,0,2338,0
3087,3614,0,2338,0
3088,3617,0,2338,0
3089,3616,0,2338,0
3090,3616,0,2338,0
3091,3614,0,2334,0
3092,3615,0,2337,0
3093,3613,0,2335,0
3094,3614,0,2337,0
3095,3614,0,2319,0
3096,3614,0,2335,0
3097,3617,0,2336,0
3098,3617,0,2336,0
3099,3615,0,2331,0
3100,3614,0,2331,0
3101,3613,0,2333,0
3102,3616,0,2336,0
3103,3613,0,2335,0
3104,3615,0,2334,0
3105,3615,0,2331,0
3106,3616,0,2327,0
3107,3618,0,2324,0
3108,3613,0,2327,0
3109,3617,0,2322,0
3110,3613,0,2323,0
3111,3617,0,2324,0
3112,3618,0,2328,0
3113,3616,0,2330,0
3114,3614,0,2334,0
3115,3615,0,2315,0
3116,3613,0,2331,0
3117,3617,0,2337,0
3118,3615,0,2338,0
3119,3616,0,2337,0
3120,3617,0,2339,0
3121,3617,0,2338,0
3122,3617,0,2344,0
3123,3617,0,2345,0
3124,3613,0,2346,0
3125,3616,0,2342,0
3126,3615,0,2335,0
3127,3615,0,2331,0
3128,3615,0,2327,0
3129,3617,0,2327,0
3130,3613,0,2333,0
3131,3615,0,2336,0
3132,3617,0,2335,0
3133,3615,0,2335,0
3134,3619,0,2337,0
3135,3618,0,2320,0
3136,3616,0,2334,0
3137,3615,0,2338,0
3138,3617,0,2338,0
3139,3621,0,2339,0
3140,3613,0,2337,0
3141,3613,0,2334,0
3142,3616,0,2334,0
3143,3615,0,2333,0
3144,3615,0,2334,0
3145,3616,0,2334,0
3146,3616,0,2336,0
3147,3618,0,2333,0
3148,3616,0,2333,0
3149,3615,0,2333,0
3150,3615,0,2335,0
3151,3617,0,2338,0
3152,3614,0,2341,0
3153,3613,0,2340,0
3154,3615,0,2339,0
3155,3617,0,2320,0
3156,3613,0,2333,0
3157,3618,0,2331,0
3158,3613,0,2334,0
3159,3616,0,2330,0
3160,3614,0,2327,0
3161,3617,0,2326,0
3162,3618,0,2322,0
3163,3615,0,2322,0
3164,3613,0,2324,0
3165,3614,0,2327,0
3166,3613,0,2332,0
3167,3615,0,2336,0
3168,3616,0,2341,0
3169,3614,0,2340,0
3170,3619,0,2337,0
3171,3612,0,2335,0
3172,3618,0,2336,0
3173,3616,0,2334,0
3174,3617,0,2334,0
3175,3614,0,2323,0
3176,3617,0,2335,0
3177,3615,0,2336,0
3178,3618,0,2337,0
3179,3615,0,2335,0
3180,3615,0,2331,0
3181,3616,0,2326,0
3182,3610,0,2324,0
3183,3613,0,2325,0
3184,3617,0,2329,0
3185,3617,0,2331,0
3186,3613,0,2334,0
3187,3616,0,2338,0
3188,3611,0,2337,0
3189,3616,0,2340,0
3190,3612,0,2336,0
3191,3614,0,2334,0
3192,3615,0,2335,0
3193,3613,0,2339,0
3194,3615,0,2338,0
3195,3617,0,2327,0
3196,3614,0,2334,0
3197,3616,0,2333,0
3198,3616,0,2338,0
3199,3615,0,2336,0
3200,3619,0,2338,0
3201,3616,0,2336,0
3202,3614,0,2331,0
3203,3616,0,2332,0
3204,3615,0,2327,0
3205,3611,0,2327,0
3206,3615,0,2323,0
3207,3615,0,2327,0
3208,3614,0,2327,0
3209,3614,0,2329,0
3210,3615,0,2330,0
3211,3616,0,2334,0
3212,3613,0,2339,0
3213,3615,0,2339,0
3214,3611,0,2339,0
3215,3611,0,2327,0
3216,3615,0,2333,0
3217,3611,0,2327,0
3218,3614,0,2331,0
3219,3614,0,2330,0
3220,3616,0,2330,0
3221,3614,0,2331,0
3222,3615,0,2331,0
3223,3615,0,2331,0
3224,3614,0,2327,0
3225,3618,0,2325,0
3226,3615,0,2325,0
3227,3618,0,2329,0
3228,3615,0,2331,0
3229,3613,0,2332,0
3230,3610,0,2333,0
3231,3615,0,2335,0
3232,3612,0,2333,0
3233,3617,0,2338,0
3234,3617,0,2317,0
3235,3618,0,2334,0
3236,3618,0,2339,0
3237,3617,0,2338,0
3238,3615,0,2336,0
3239,3617,0,2335,0
3240,3614,0,2334,0
3241,3614,0,2337,0
3242,3616,0,2337,0
3243,3615,0,2338,0
3244,3616,0,2339,0
3245,3612,0,2335,0
3246,3611,0,2335,0
3247,3613,0,2335,0
3248,3614,0,2333,0
3249,3614,0,2331,0
3250,3617,0,2334,0
3251,3617,0,2334,0
3252,3614,0,2336,0
3253,3618,0,2337,0
3254,3618,0,2315,0
3255,3614,0,2329,0
3256,3616,0,2335,0
3257,3614,0,2334,0
3258,3617,0,2338,0
3259,3621,0,2339,0
3260,3614,0,2338,0
3261,3617,0,2336,0
3262,3618,0,2333,0
3263,3616,0,2333,0
3264,3614,0,2331,0
3265,3614,0,2332,0
3266,3619,0,2331,0
3267,3616,0,2331,0
3268,3617,0,2333,0
3269,3613,0,2329,0
3270,3612,0,2331,0
3271,3614,0,2334,0
3272,3613,0,2334,0
3273,3613,0,2334,0
3274,3613,0,2319,0
3275,3617,0,2329,0
3276,3614,0,2330,0
3277,3615,0,2327,0
3278,3615,0,2327,0
3279,3616,0,2329,0
3280,3615,0,2330,0
3281,3615,0,2331,0
3282,3614,0,2335,0
3283,3616,0,2339,0
3284,3618,0,2338,0
3285,3616,0,2340,0
3286,3615,0,2337,0
3287,3615,0,2337,0
3288,3616,0,2334,0
3289,3619,0,2333,0
3290,3613,0,2339,0
3291,3617,0,2339,0
3292,3615,0,2337,0
3293,3615,0,2337,0
3294,3614,0,2320,0
3295,3616,0,2327,0
3296,3618,0,2333,0
3297,3613,0,2334,0
3298,3616,0,2334,0
3299,3616,0,2335,0
3300,3616,0,2331,0
3301,3615,0,2333,0
3302,3619,0,2330,0
3303,3615,0,2331,0
3304,3616,0,2331,0
3305,3614,0,2334,0
3306,3617,0,2331,0
3307,3617,0,2333,0
3308,3615,0,2336,0
3309,3617,0,2339,0
3310,3613,0,2343,0
3311,3619,0,2346,0
3312,3615,0,2343,0
3313,3617,0,2342,0
3314,3617,0,2323,0
3315,3617,0,2334,0
3316,3616,0,2334,0
3317,3616,0,2334,0
3318,3615,0,2334,0
3319,3617,0,2334,0
3320,3617,0,2334,0
3321,3620,0,2334,0
3322,3615,0,2334,0
3323,3619,0,2333,0
3324,3619,0,2334,0
3325,3616,0,2335,0
3326,3614,0,2335,0
3327,3615,0,2338,0
3328,3615,0,2336,0
3329,3615,0,2340,0
3330,3616,0,2337,0
3331,3613,0,2339,0
3332,3613,0,2334,0
3333,3613,0,2331,0
3334,3615,0,2319,0
3335,3614,0,2328,0
3336,3618,0,2331,0
3337,3617,0,2331,0
3338,3615,0,2331,0
3339,3617,0,2329,0
3340,3622,0,2331,0
3341,3614,0,2333,0
3342,3613,0,2337,0
3343,3615,0,2339,0
3344,3617,0,2342,0
3345,3614,0,2346,0
3346,3616,0,2346,0
3347,3614,0,2347,0
3348,3616,0,2343,0
3349,3610,0,2340,0
3350,3613,0,2338,0
3351,3615,0,2334,0
3352,3615,0,2333,0
3353,3617,0,2329,0
3354,3618,0,2320,0
3355,3615,0,2325,0
3356,3616,0,2325,0
3357,3620,0,2327,0
3358,3617,0,2327,0
3359,3614,0,2325,0
3360,3615,0,2330,0
3361,3616,0,2329,0
3362,3614,0,2332,0
3363,3614,0,2333,0
3364,3614,0,2335,0
3365,3613,0,2337,0
3366,3616,0,2339,0
3367,3614,0,2338,0
3368,3618,0,2341,0
3369,3614,0,2343,0
3370,3615,0,2342,0
3371,3614,0,2338,0
3372,3615,0,2339,0
3373,3614,0,2336,0
3374,3613,0,2323,0
3375,3613,0,2328,0
3376,3615,0,2330,0
3377,3616,0,2327,0
3378,3614,0,2325,0
3379,3616,0,2327,0
3380,3616,0,2330,0
3381,3613,0,2331,0
3382,3614,0,2333,0
3383,3615,0,2336,0
3384,3615,0,2336,0
3385,3615,0,2337,0
3386,3613,0,2335,0
3387,3617,0,2334,0
3388,3618,0,2333,0
3389,3618,0,2330,0
3390,3613,0,2330,0
3391,3616,0,2327,0
3392,3616,0,2327,0
3393,3614,0,2331,0
3394,3616,0,2323,0
3395,3618,0,2327,0
3396,3614,0,2332,0
3397,3618,0,2334,0
3398,3616,0,2341,0
3399,3615,0,2339,0
3400,3617,0,2339,0
3401,3615,0,2338,0
3402,3613,0,2338,0
3403,3618,0,2339,0
3404,3617,0,2341,0
3405,3617,0,2338,0
3406,3617,0,2338,0
3407,3615,0,2332,0
3408,3613,0,2329,0
3409,3616,0,2326,0
3410,3613,0,2329,0
3411,3613,0,2333,0
3412,3615,0,2334,0
3413,3615,0,2309,0
3414,3614,0,2327,0
3415,3618,0,2334,0
3416,3617,0,2336,0
3417,3618,0,2337,0
3418,3617,0,2337,0
3419,3613,0,2338,0
3420,3616,0,2337,0
3421,3613,0,2339,0
3422,3614,0,2337,0
3423,3617,0,2336,0
3424,3617,0,2337,0
3425,3615,0,2334,0
3426,3614,0,2332,0
3427,3617,0,2331,0
3428,3615,0,2327,0
3429,3616,0,2329,0
3430,3618,0,2331,0
3431,3617,0,2334,0
3432,3616,0,2336,0
3433,3617,0,2314,0
3434,3615,0,2327,0
3435,3614,0,2333,0
3436,3613,0,2327,0
3437,3617,0,2331,0
3438,3615,0,2333,0
3439,3614,0,2333,0
3440,3617,0,2330,0
3441,3621,0,2330,0
3442,3615,0,2330,0
3443,3615,0,2330,0
3444,3614,0,2331,0
3445,3611,0,2330,0
3446,3617,0,2335,0
3447,3615,0,2337,0
3448,3615,0,2336,0
3449,3614,0,2335,0
3450,3615,0,2339,0
3451,3616,0,2342,0
3452,3618,0,2338,0
3453,3612,0,2320,0
3454,3618,0,2331,0
3455,3616,0,2336,0
3456,3613,0,2336,0
3457,3615,0,2336,0
3458,3618,0,2337,0
3459,3618,0,2335,0
3460,3616,0,2335,0
3461,3621,0,2332,0
3462,3616,0,2329,0
3463,3618,0,2327,0
3464,3617,0,2332,0
3465,3613,0,2333,0
3466,3617,0,2332,0
3467,3613,0,2334,0
3468,3615,0,2337,0
3469,3615,0,2337,0
3470,3614,0,2337,0
3471,3616,0,2337,0
3472,3617,0,2337,0
3473,3614,0,2320,0
3474,3615,0,2330,0
3475,3614,0,2334,0
3476,3616,0,2336,0
3477,3620,0,2336,0
3478,3617,0,2338,0
3479,3618,0,2337,0
3480,3615,0,2339,0
3481,3614,0,2337,0
3482,3614,0,2335,0
3483,3618,0,2334,0
3484,3613,0,2333,0
3485,3615,0,2331,0
3486,3618,0,2332,0
3487,3616,0,2331,0
3488,3617,0,2330,0
3489,3613,0,2326,0
3490,3618,0,2326,0
3491,3616,0,2327,0
3492,3617,0,2326,0
3493,3613,0,2315,0
3494,3615,0,2325,0
3495,3613,0,2330,0
3496,3616,0,2332,0
3497,3619,0,2331,0
3498,3619,0,2331,0
3499,3614,0,2336,0
3500,3617,0,2337,0
3501,3615,0,2338,0
3502,3615,0,2337,0
3503,3614,0,2337,0
3504,3614,0,2337,0
3505,3618,0,2335,0
3506,3617,0,2336,0
3507,3616,0,2332,0
3508,3612,0,2333,0
3509,3618,0,2330,0
3510,3614,0,2331,0
3511,3619,0,2334,0
3512,3615,0,2335,0
3513,3615,0,2324,0
3514,3619,0,2333,0
3515,3617,0,2336,0
3516,3618,0,2336,0
3517,3621,0,2335,0
3518,3614,0,2335,0
3519,3614,0,2337,0
3520,3615,0,2335,0
3521,3613,0,2336,0
3522,3621,0,2337,0
3523,3617,0,2336,0
3524,3614,0,2336,0
3525,3614,0,2338,0
3526,3617,0,2336,0
3527,3618,0,2334,0
3528,3615,0,2334,0
3529,3616,0,2331,0
3530,3617,0,2331,0
3531,3615,0,2334,0
3532,3617,0,2335,0
3533,3615,0,2323,0
3534,3617,0,2327,0
3535,3615,0,2335,0
3536,3619,0,2336,0
3537,3615,0,2339,0
3538,3616,0,2338,0
3539,3615,0,2335,0
3540,3618,0,2335,0
3541,3617,0,2334,0
3542,3615,0,2336,0
3543,3615,0,2337,0
3544,3614,0,2336,0
3545,3617,0,2335,0
3546,3617,0,2333,0
3547,3617,0,2331,0
3548,3617,0,2331,0
3549,3615,0,2330,0
3550,3615,0,2330,0
3551,3618,0,2325,0
3552,3619,0,2323,0
3553,3619,0,2314,0
3554,3615,0,2321,0
3555,3617,0,2325,0
3556,3618,0,2332,0
3557,3615,0,2334,0
3558,3615,0,2334,0
3559,3615,0,2333,0
3560,3615,0,2331,0
3561,3616,0,2333,0
3562,3615,0,2334,0
3563,3613,0,2338,0
3564,3619,0,2337,0
3565,3616,0,2342,0
3566,3615,0,2343,0
3567,3619,0,2343,0
3568,3614,0,2342,0
3569,3617,0,2337,0
3570,3614,0,2337,0
3571,3615,0,2335,0
3572,3616,0,2332,0
3573,3615,0,2331,0
3574,3615,0,2336,0
3575,3617,0,2335,0
3576,3615,0,2332,0
3577,3611,0,2330,0
3578,3615,0,2331,0
3579,3613,0,2333,0
3580,3621,0,2333,0
3581,3618,0,2336,0
3582,3617,0,2340,0
3583,3619,0,2340,0
3584,3616,0,2340,0
3585,3615,0,2341,0
3586,3615,0,2343,0
3587,3618,0,2339,0
3588,3618,0,2336,0
3589,3613,0,2335,0
3590,3614,0,2333,0
3591,3616,0,2334,0
3592,3615,0,2310,0
3593,3619,0,2326,0
3594,3616,0,2329,0
3595,3615,0,2332,0
3596,3617,0,2331,0
3597,3617,0,2333,0
3598,3613,0,2333,0
3599,3614,0,2333,0
3600,3617,0,2333,0
3601,3613,0,2334,0
3602,3616,0,2334,0
3603,3613,0,2335,0
3604,3617,0,2336,0
3605,3616,0,2336,0
3606,3618,0,2333,0
3607,3614,0,2333,0
3608,3617,0,2330,0
3609,3615,0,2330,0
3610,3614,0,2330,0
3611,3614,0,2327,0
3612,3615,0,2309,0
3613,3613,0,2324,0
3614,3617,0,2333,0
3615,3614,0,2334,0
3616,3613,0,2334,0
3617,3614,0,2333,0
3618,3615,0,2333,0
3619,3617,0,2335,0
3620,3616,0,2336,0
3621,3616,0,2339,0
3622,3617,0,2342,0
3623,3618,0,2343,0
3624,3617,0,2339,0
3625,3616,0,2336,0
3626,3614,0,2336,0
3627,3615,0,2337,0
3628,3618,0,2335,0
3629,3616,0,2335,0
3630,3617,0,2334,0
3631,3615,0,2334,0
3632,3616,0,2316,0
3633,3614,0,2325,0
3634,3613,0,2333,0
3635,3617,0,2333,0
3636,3616,0,2337,0
3637,3615,0,2335,0
3638,3615,0,2335,0
3639,3616,0,2334,0
3640,3614,0,2335,0
3641,3616,0,2334,0
3642,3616,0,2330,0
3643,3618,0,2331,0
3644,3614,0,2331,0
3645,3614,0,2331,0
3646,3614,0,2333,0
3647,3617,0,2331,0
3648,3615,0,2331,0
3649,3613,0,2329,0
3650,3615,0,2331,0
3651,3613,0,2333,0
3652,3618,0,2320,0
3653,3616,0,2334,0
3654,3619,0,2337,0
3655,3616,0,2338,0
3656,3615,0,2341,0
3657,3615,0,2339,0
3658,3618,0,2339,0
3659,3613,0,2339,0
3660,3614,0,2335,0
3661,3616,0,2336,0
3662,3617,0,2334,0
3663,3613,0,2333,0
3664,3614,0,2333,0
3665,3615,0,2331,0
3666,3615,0,2331,0
3667,3618,0,2333,0
3668,3613,0,2334,0
3669,3617,0,2336,0
3670,3613,0,2338,0
3671,3618,0,2338,0
3672,3613,0,2323,0
3673,3614,0,2332,0
3674,3618,0,2335,0
3675,3613,0,2333,0
3676,3618,0,2337,0
3677,3614,0,2337,0
3678,3621,0,2336,0
3679,3615,0,2333,0
3680,3614,0,2331,0
3681,3615,0,2333,0
3682,3614,0,2331,0
3683,3615,0,2333,0
3684,3615,0,2335,0
3685,3613,0,2339,0
3686,3617,0,2337,0
3687,3616,0,2333,0
3688,3617,0,2334,0
3689,3613,0,2331,0
3690,3617,0,2334,0
3691,3615,0,2333,0
3692,3616,0,2326,0
3693,3613,0,2333,0
3694,3617,0,2334,0
3695,3616,0,2337,0
3696,3617,0,2337,0
3697,3616,0,2338,0
3698,3617,0,2339,0
3699,3614,0,2341,0
3700,3618,0,2338,0
3701,3616,0,2337,0
3702,3614,0,2334,0
3703,3616,0,2333,0
3704,3615,0,2331,0
3705,3619,0,2327,0
3706,3615,0,2329,0
3707,3619,0,2329,0
3708,3613,0,2329,0
3709,3618,0,2329,0
3710,3614,0,2330,0
3711,3619,0,2307,0
3712,3614,0,2326,0
3713,3615,0,2335,0
3714,3613,0,2338,0
3715,3617,0,2339,0
3716,3614,0,2336,0
3717,3616,0,2329,0
3718,3615,0,2327,0
3719,3614,0,2330,0
3720,3617,0,2333,0
3721,3615,0,2331,0
3722,3615,0,2331,0
3723,3614,0,2329,0
3724,3617,0,2329,0
3725,3616,0,2326,0
3726,3615,0,2327,0
3727,3614,0,2326,0
3728,3615,0,2326,0
3729,3617,0,2325,0
3730,3615,0,2324,0
3731,3615,0,2304,0
3732,3618,0,2323,0
3733,3615,0,2334,0
3734,3613,0,2336,0
3735,3616,0,2340,0
3736,3613,0,2346,0
3737,3615,0,2343,0
3738,3615,0,2343,0
3739,3615,0,2345,0
3740,3617,0,2343,0
3741,3615,0,2342,0
3742,3612,0,2342,0
3743,3615,0,2338,0
3744,3614,0,2337,0
3745,3613,0,2333,0
3746,3617,0,2330,0
3747,3615,0,2324,0
3748,3614,0,2325,0
3749,3619,0,2322,0
3750,3617,0,2327,0
3751,3616,0,2311,0
3752,3615,0,2324,0
3753,3614,0,2335,0
3754,3613,0,2335,0
3755,3613,0,2338,0
3756,3612,0,2340,0
3757,3614,0,2338,0
3758,3613,0,2339,0
3759,3619,0,2336,0
3760,3613,0,2339,0
3761,3616,0,2337,0
3762,3615,0,2334,0
3763,3616,0,2330,0
3764,3617,0,2326,0
3765,3614,0,2327,0
3766,3614,0,2333,0
3767,3616,0,2334,0
3768,3615,0,2338,0
3769,3617,0,2337,0
3770,3616,0,2335,0
3771,3615,0,2314,0
3772,3618,0,2325,0
3773,3617,0,2326,0
3774,3615,0,2327,0
3775,3615,0,2329,0
3776,3617,0,2329,0
3777,3616,0,2330,0
3778,3616,0,2331,0
3779,3620,0,2329,0
3780,3619,0,2330,0
3781,3615,0,2326,0
3782,3619,0,2327,0
3783,3619,0,2332,0
3784,3618,0,2335,0
3785,3615,0,2337,0
3786,3615,0,2340,0
3787,3616,0,2342,0
3788,3614,0,2341,0
3789,3619,0,2338,0
3790,3615,0,2336,0
3791,3613,0,2318,0
3792,3618,0,2330,0
3793,3619,0,2336,0
3794,3616,0,2336,0
3795,3615,0,2336,0
3796,3618,0,2334,0
3797,3616,0,2333,0
3798,3617,0,2330,0
3799,3617,0,2331,0
3800,3617,0,2331,0
3801,3618,0,2331,0
3802,3619,0,2334,0
3803,3619,0,2336,0
3804,3613,0,2337,0
3805,3616,0,2339,0
3806,3617,0,2338,0
3807,3614,0,2337,0
3808,3613,0,2336,0
3809,3614,0,2334,0
3810,3614,0,2333,0
3811,3617,0,2315,0
3812,3615,0,2326,0
3813,3618,0,2327,0
3814,3615,0,2332,0
3815,3617,0,2330,0
3816,3616,0,2331,0
3817,3618,0,2330,0
3818,3620,0,2333,0
3819,3618,0,2334,0
3820,3618,0,2339,0
3821,3618,0,2339,0
3822,3613,0,2338,0
3823,3615,0,2342,0
3824,3613,0,2343,0
3825,3617,0,2343,0
3826,3617,0,2344,0
3827,3615,0,2342,0
3828,3614,0,2336,0
3829,3615,0,2334,0
3830,3614,0,2333,0
3831,3619,0,2319,0
3832,3614,0,2329,0
3833,3620,0,2335,0
3834,3615,0,2333,0
3835,3615,0,2332,0
3836,3619,0,2328,0
3837,3613,0,2325,0
3838,3616,0,2325,0
3839,3620,0,2326,0
3840,3615,0,2330,0
3841,3619,0,2335,0
3842,3619,0,2333,0
3843,3615,0,2331,0
3844,3614,0,2333,0
3845,3615,0,2331,0
3846,3618,0,2331,0
3847,3617,0,2334,0
3848,3622,0,2331,0
3849,3613,0,2333,0
3850,3612,0,2331,0
3851,3615,0,2321,0
3852,3618,0,2331,0
3853,3617,0,2334,0
3854,3617,0,2333,0
3855,3614,0,2330,0
3856,3617,0,2331,0
3857,3617,0,2334,0
3858,3618,0,2331,0
3859,3614,0,2334,0
3860,3617,0,2333,0
3861,3615,0,2334,0
3862,3617,0,2331,0
3863,3615,0,2332,0
3864,3614,0,2333,0
3865,3615,0,2331,0
3866,3615,0,2331,0
3867,3615,0,2333,0
3868,3615,0,2331,0
3869,3615,0,2336,0
3870,3618,0,2335,0
3871,3619,0,2323,0
3872,3613,0,2329,0
3873,3616,0,2331,0
3874,3616,0,2334,0
3875,3614,0,2335,0
3876,3618,0,2333,0
3877,3618,0,2335,0
3878,3615,0,2335,0
3879,3615,0,2334,0
3880,3611,0,2336,0
3881,3613,0,2335,0
3882,3618,0,2337,0
3883,3615,0,2335,0
3884,3616,0,2335,0
3885,3619,0,2336,0
3886,3616,0,2338,0
3887,3616,0,2339,0
3888,3618,0,2337,0
3889,3615,0,2336,0
3890,3614,0,2311,0
3891,3614,0,2323,0
3892,3616,0,2329,0
3893,3615,0,2329,0
3894,3617,0,2326,0
3895,3618,0,2326,0
3896,3618,0,2328,0
3897,3611,0,2325,0
3898,3615,0,2326,0
3899,3614,0,2325,0
3900,3617,0,2325,0
3901,3615,0,2329,0
3902,3617,0,2336,0
3903,3615,0,2336,0
3904,3620,0,2339,0
3905,3615,0,2342,0
3906,3614,0,2341,0
3907,3614,0,2346,0
3908,3615,0,2348,0
3909,3614,0,2349,0
3910,3613,0,2320,0
3911,3613,0,2337,0
3912,3614,0,2343,0
3913,3615,0,2338,0
3914,3615,0,2334,0
3915,3619,0,2331,0
3916,3616,0,2330,0
3917,3616,0,2330,0
3918,3617,0,2329,0
3919,3617,0,2331,0
3920,3616,0,2330,0
3921,3616,0,2326,0
3922,3614,0,2326,0
3923,3616,0,2330,0
3924,3619,0,2331,0
3925,3616,0,2336,0
3926,3615,0,2338,0
3927,3618,0,2337,0
3928,3615,0,2337,0
3929,3611,0,2337,0
3930,3621,0,2316,0
3931,3615,0,2329,0
3932,3617,0,2336,0
3933,3617,0,2335,0
3934,3615,0,2334,0
3935,3617,0,2337,0
3936,3618,0,2333,0
3937,3615,0,2330,0
3938,3615,0,2330,0
3939,3615,0,2330,0
3940,3617,0,2327,0
3941,3616,0,2331,0
3942,3618,0,2334,0
3943,3613,0,2338,0
3944,3614,0,2339,0
3945,3615,0,2337,0
3946,3616,0,2334,0
3947,3621,0,2331,0
3948,3614,0,2326,0
3949,3615,0,2324,0
3950,3618,0,2307,0
3951,3616,0,2320,0
3952,3617,0,2326,0
3953,3614,0,2329,0
3954,3613,0,2331,0
3955,3622,0,2331,0
3956,3613,0,2333,0
3957,3617,0,2337,0
3958,3619,0,2339,0
3959,3622,0,2337,0
3960,3616,0,2338,0
3961,3617,0,2341,0
3962,3616,0,2342,0
3963,3621,0,2341,0
3964,3617,0,2338,0
3965,3615,0,2334,0
3966,3614,0,2331,0
3967,3615,0,2331,0
3968,3616,0,2331,0
3969,3616,0,2329,0
3970,3617,0,2317,0
3971,3615,0,2330,0
3972,3613,0,2335,0
3973,3619,0,2338,0
3974,3614,0,2339,0
3975,3615,0,2337,0
3976,3616,0,2335,0
3977,3617,0,2334,0
3978,3616,0,2335,0
3979,3615,0,2335,0
3980,3616,0,2335,0
3981,3615,0,2337,0
3982,3615,0,2336,0
3983,3615,0,2334,0
3984,3617,0,2333,0
3985,3615,0,2334,0
3986,3614,0,2334,0
3987,3617,0,2333,0
3988,3619,0,2335,0
3989,3614,0,2333,0
3990,3616,0,2320,0
3991,3617,0,2331,0
3992,3615,0,2335,0
3993,3623,0,2337,0
3994,3618,0,2338,0
3995,3615,0,2341,0
3996,3611,0,2342,0
3997,3618,0,2340,0
3998,3614,0,2339,0
3999,3618,0,2336,0
